Team,IsOffense,GameId,GameDate,Opponent,Period,StartTime,EndTime,start_seconds,end_seconds,players_on
ATL,True,22400103,2024-10-28,WAS,4,00:06,00:00,2874,2880,"OFF: Clint Capela, Trae Young, Garrison Mathews, Jalen Johnson, Dyson Daniels | DEF: Jordan Poole, Corey Kispert, Bilal Coulibaly, Alexandre Sarr, Kyshawn George"
ATL,True,22400103,2024-10-28,WAS,4,00:12,00:08,2868,2872,"OFF: Clint Capela, Trae Young, Garrison Mathews, Jalen Johnson, Dyson Daniels | DEF: Jordan Poole, Corey Kispert, Bilal Coulibaly, Alexandre Sarr, Kyshawn George"
ATL,True,22400103,2024-10-28,WAS,4,00:19,00:16,2861,2864,"OFF: Clint Capela, Trae Young, Garrison Mathews, Jalen Johnson, Dyson Daniels | DEF: Jordan Poole, Corey Kispert, Bilal Coulibaly, Alexandre Sarr, Kyshawn George"
ATL,True,22400103,2024-10-28,WAS,4,00:51,00:41,2829,2839,"OFF: Clint Capela, Trae Young, Garrison Mathews, Jalen Johnson, Dyson Daniels | DEF: Jordan Poole, Corey Kispert, Bilal Coulibaly, Alexandre Sarr, Kyshawn George"
ATL,True,22400103,2024-10-28,WAS,4,01:22,01:07,2798,2813,"OFF: Clint Capela, Trae Young, Jalen Johnson, Dyson Daniels, Zaccharie Risacher | DEF: Jordan Poole, Corey Kispert, Bilal Coulibaly, Alexandre Sarr, Kyshawn George"
ATL,True,22400103,2024-10-28,WAS,4,01:46,01:44,2774,2776,"OFF: Clint Capela, Trae Young, Jalen Johnson, Dyson Daniels, Zaccharie Risacher | DEF: Jordan Poole, Corey Kispert, Bilal Coulibaly, Alexandre Sarr, Kyshawn George"
ATL,True,22400103,2024-10-28,WAS,4,02:08,02:00,2752,2760,"OFF: Clint Capela, Trae Young, Jalen Johnson, Dyson Daniels, Zaccharie Risacher | DEF: Jordan Poole, Corey Kispert, Bilal Coulibaly, Alexandre Sarr, Kyshawn George"
ATL,True,22400103,2024-10-28,WAS,4,02:48,02:29,2712,2731,"OFF: Clint Capela, Trae Young, Garrison Mathews, Jalen Johnson, Dyson Daniels | DEF: Kyle Kuzma, Jordan Poole, Corey Kispert, Bilal Coulibaly, Alexandre Sarr"
ATL,True,22400103,2024-10-28,WAS,4,03:09,03:03,2691,2697,"OFF: Clint Capela, Trae Young, Garrison Mathews, Jalen Johnson, Dyson Daniels | DEF: Kyle Kuzma, Jordan Poole, Corey Kispert, Bilal Coulibaly, Alexandre Sarr"
ATL,True,22400103,2024-10-28,WAS,4,03:41,03:31,2659,2669,"OFF: Clint Capela, Trae Young, Garrison Mathews, Jalen Johnson, Dyson Daniels | DEF: Kyle Kuzma, Jordan Poole, Corey Kispert, Bilal Coulibaly, Alexandre Sarr"
ATL,True,22400103,2024-10-28,WAS,4,04:10,03:59,2630,2641,"OFF: Clint Capela, Trae Young, Garrison Mathews, Jalen Johnson, Dyson Daniels | DEF: Kyle Kuzma, Jordan Poole, Corey Kispert, Bilal Coulibaly, Alexandre Sarr"
ATL,True,22400103,2024-10-28,WAS,4,04:22,04:13,2618,2627,"OFF: Clint Capela, Trae Young, Garrison Mathews, Jalen Johnson, Dyson Daniels | DEF: Kyle Kuzma, Jordan Poole, Corey Kispert, Bilal Coulibaly, Alexandre Sarr"
ATL,True,22400103,2024-10-28,WAS,4,04:54,04:36,2586,2604,"OFF: Clint Capela, Trae Young, Garrison Mathews, Jalen Johnson, Dyson Daniels | DEF: Kyle Kuzma, Jordan Poole, Corey Kispert, Bilal Coulibaly, Alexandre Sarr"
ATL,True,22400103,2024-10-28,WAS,4,05:26,05:13,2554,2567,"OFF: Clint Capela, Trae Young, Garrison Mathews, Jalen Johnson, Dyson Daniels | DEF: Kyle Kuzma, Jordan Poole, Corey Kispert, Bilal Coulibaly, Alexandre Sarr"
ATL,True,22400103,2024-10-28,WAS,4,05:55,05:33,2525,2547,"OFF: Clint Capela, Trae Young, Garrison Mathews, Jalen Johnson, Dyson Daniels | DEF: Kyle Kuzma, Jordan Poole, Corey Kispert, Bilal Coulibaly, Alexandre Sarr"
ATL,True,22400103,2024-10-28,WAS,4,06:26,06:12,2494,2508,"OFF: Clint Capela, Trae Young, Jalen Johnson, Dyson Daniels, David Roddy | DEF: Kyle Kuzma, Jordan Poole, Corey Kispert, Bilal Coulibaly, Alexandre Sarr"
ATL,True,22400103,2024-10-28,WAS,4,07:00,06:48,2460,2472,"OFF: Clint Capela, Trae Young, Jalen Johnson, Dyson Daniels, David Roddy | DEF: Jordan Poole, Corey Kispert, Bilal Coulibaly, Alexandre Sarr, Kyshawn George"
ATL,True,22400103,2024-10-28,WAS,4,07:25,07:12,2435,2448,"OFF: Larry Nance Jr., Trae Young, Jalen Johnson, Dyson Daniels, David Roddy | DEF: Jonas Valančiūnas, Jordan Poole, Corey Kispert, Bilal Coulibaly, Kyshawn George"
ATL,True,22400103,2024-10-28,WAS,4,08:05,07:40,2395,2420,"OFF: Larry Nance Jr., Trae Young, Jalen Johnson, Dyson Daniels, David Roddy | DEF: Jonas Valančiūnas, Jordan Poole, Corey Kispert, Bilal Coulibaly, Kyshawn George"
ATL,True,22400103,2024-10-28,WAS,4,08:42,08:30,2358,2370,"OFF: Larry Nance Jr., Garrison Mathews, Jalen Johnson, Dyson Daniels, David Roddy | DEF: Jonas Valančiūnas, Kyle Kuzma, Corey Kispert, Carlton Carrington, Kyshawn George"
ATL,True,22400103,2024-10-28,WAS,4,09:13,08:56,2327,2344,"OFF: Larry Nance Jr., Garrison Mathews, Jalen Johnson, Dyson Daniels, David Roddy | DEF: Jonas Valančiūnas, Kyle Kuzma, Corey Kispert, Carlton Carrington, Kyshawn George"
ATL,True,22400103,2024-10-28,WAS,4,09:27,09:22,2313,2318,"OFF: Larry Nance Jr., Garrison Mathews, Jalen Johnson, Dyson Daniels, David Roddy | DEF: Jonas Valančiūnas, Kyle Kuzma, Corey Kispert, Carlton Carrington, Kyshawn George"
ATL,True,22400103,2024-10-28,WAS,4,09:49,09:28,2291,2312,"OFF: Larry Nance Jr., Garrison Mathews, Jalen Johnson, Dyson Daniels, David Roddy | DEF: Jonas Valančiūnas, Kyle Kuzma, Corey Kispert, Carlton Carrington, Kyshawn George"
ATL,True,22400103,2024-10-28,WAS,4,10:29,10:10,2251,2270,"OFF: Larry Nance Jr., Garrison Mathews, Jalen Johnson, Dyson Daniels, David Roddy | DEF: Jonas Valančiūnas, Kyle Kuzma, Corey Kispert, Carlton Carrington, Kyshawn George"
ATL,True,22400103,2024-10-28,WAS,4,11:04,10:46,2216,2234,"OFF: Larry Nance Jr., Garrison Mathews, Jalen Johnson, Dyson Daniels, Zaccharie Risacher | DEF: Jonas Valančiūnas, Kyle Kuzma, Corey Kispert, Carlton Carrington, Kyshawn George"
ATL,True,22400103,2024-10-28,WAS,4,11:37,11:16,2183,2204,"OFF: Larry Nance Jr., Garrison Mathews, Jalen Johnson, Dyson Daniels, Zaccharie Risacher | DEF: Jonas Valančiūnas, Kyle Kuzma, Corey Kispert, Carlton Carrington, Kyshawn George"
ATL,True,22400103,2024-10-28,WAS,3,00:03,00:00,2157,2160,"OFF: Larry Nance Jr., Garrison Mathews, Jalen Johnson, Keaton Wallace, David Roddy | DEF: Jonas Valančiūnas, Kyle Kuzma, Corey Kispert, Carlton Carrington, Kyshawn George"
ATL,True,22400103,2024-10-28,WAS,3,00:44,00:24,2116,2136,"OFF: Larry Nance Jr., Garrison Mathews, Jalen Johnson, Keaton Wallace, David Roddy | DEF: Jonas Valančiūnas, Kyle Kuzma, Corey Kispert, Carlton Carrington, Kyshawn George"
ATL,True,22400103,2024-10-28,WAS,3,00:56,00:55,2104,2105,"OFF: Larry Nance Jr., Garrison Mathews, Jalen Johnson, Keaton Wallace, David Roddy | DEF: Jonas Valančiūnas, Kyle Kuzma, Corey Kispert, Carlton Carrington, Kyshawn George"
ATL,True,22400103,2024-10-28,WAS,3,01:25,01:13,2075,2087,"OFF: Larry Nance Jr., Garrison Mathews, Jalen Johnson, Keaton Wallace, David Roddy | DEF: Jonas Valančiūnas, Corey Kispert, Bilal Coulibaly, Carlton Carrington, Kyshawn George"
ATL,True,22400103,2024-10-28,WAS,3,02:04,01:48,2036,2052,"OFF: Larry Nance Jr., Garrison Mathews, Jalen Johnson, Keaton Wallace, David Roddy | DEF: Jonas Valančiūnas, Corey Kispert, Bilal Coulibaly, Carlton Carrington, Kyshawn George"
ATL,True,22400103,2024-10-28,WAS,3,02:37,02:25,2003,2015,"OFF: Larry Nance Jr., Trae Young, Garrison Mathews, Jalen Johnson, David Roddy | DEF: Jonas Valančiūnas, Corey Kispert, Bilal Coulibaly, Carlton Carrington, Kyshawn George"
ATL,True,22400103,2024-10-28,WAS,3,02:58,02:47,1982,1993,"OFF: Larry Nance Jr., Trae Young, Garrison Mathews, Jalen Johnson, David Roddy | DEF: Jonas Valančiūnas, Corey Kispert, Bilal Coulibaly, Carlton Carrington, Kyshawn George"
ATL,True,22400103,2024-10-28,WAS,3,03:25,03:11,1955,1969,"OFF: Larry Nance Jr., Trae Young, Garrison Mathews, Dyson Daniels, David Roddy | DEF: Jonas Valančiūnas, Kyle Kuzma, Jordan Poole, Corey Kispert, Bilal Coulibaly"
ATL,True,22400103,2024-10-28,WAS,3,03:46,03:33,1934,1947,"OFF: Larry Nance Jr., Trae Young, Garrison Mathews, Dyson Daniels, David Roddy | DEF: Kyle Kuzma, Jordan Poole, Corey Kispert, Bilal Coulibaly, Alexandre Sarr"
ATL,True,22400103,2024-10-28,WAS,3,04:17,04:02,1903,1918,"OFF: Larry Nance Jr., Trae Young, Garrison Mathews, Dyson Daniels, David Roddy | DEF: Kyle Kuzma, Jordan Poole, Corey Kispert, Bilal Coulibaly, Alexandre Sarr"
ATL,True,22400103,2024-10-28,WAS,3,04:45,04:23,1875,1897,"OFF: Larry Nance Jr., Trae Young, Garrison Mathews, Dyson Daniels, David Roddy | DEF: Kyle Kuzma, Jordan Poole, Corey Kispert, Bilal Coulibaly, Alexandre Sarr"
ATL,True,22400103,2024-10-28,WAS,3,05:30,05:04,1830,1856,"OFF: Larry Nance Jr., Trae Young, Garrison Mathews, Dyson Daniels, David Roddy | DEF: Kyle Kuzma, Jordan Poole, Corey Kispert, Bilal Coulibaly, Alexandre Sarr"
ATL,True,22400103,2024-10-28,WAS,3,05:46,05:34,1814,1826,"OFF: Larry Nance Jr., Trae Young, Garrison Mathews, Dyson Daniels, David Roddy | DEF: Kyle Kuzma, Jordan Poole, Corey Kispert, Bilal Coulibaly, Alexandre Sarr"
ATL,True,22400103,2024-10-28,WAS,3,06:07,06:03,1793,1797,"OFF: Clint Capela, Trae Young, Garrison Mathews, Jalen Johnson, Dyson Daniels | DEF: Kyle Kuzma, Jordan Poole, Bilal Coulibaly, Alexandre Sarr, Carlton Carrington"
ATL,True,22400103,2024-10-28,WAS,3,06:18,06:15,1782,1785,"OFF: Clint Capela, Trae Young, Garrison Mathews, Jalen Johnson, Dyson Daniels | DEF: Kyle Kuzma, Jordan Poole, Bilal Coulibaly, Alexandre Sarr, Carlton Carrington"
ATL,True,22400103,2024-10-28,WAS,3,06:51,06:41,1749,1759,"OFF: Clint Capela, Trae Young, Garrison Mathews, Jalen Johnson, Dyson Daniels | DEF: Kyle Kuzma, Jordan Poole, Bilal Coulibaly, Alexandre Sarr, Carlton Carrington"
ATL,True,22400103,2024-10-28,WAS,3,07:07,06:56,1733,1744,"OFF: Clint Capela, Trae Young, Garrison Mathews, Jalen Johnson, Dyson Daniels | DEF: Kyle Kuzma, Jordan Poole, Bilal Coulibaly, Alexandre Sarr, Carlton Carrington"
ATL,True,22400103,2024-10-28,WAS,3,07:57,07:24,1683,1716,"OFF: Clint Capela, Trae Young, Jalen Johnson, Dyson Daniels, Zaccharie Risacher | DEF: Kyle Kuzma, Jordan Poole, Bilal Coulibaly, Alexandre Sarr, Carlton Carrington"
ATL,True,22400103,2024-10-28,WAS,3,08:26,08:14,1654,1666,"OFF: Clint Capela, Trae Young, Jalen Johnson, Dyson Daniels, Zaccharie Risacher | DEF: Kyle Kuzma, Jordan Poole, Bilal Coulibaly, Alexandre Sarr, Carlton Carrington"
ATL,True,22400103,2024-10-28,WAS,3,09:01,08:34,1619,1646,"OFF: Clint Capela, Trae Young, Jalen Johnson, Dyson Daniels, Zaccharie Risacher | DEF: Kyle Kuzma, Jordan Poole, Bilal Coulibaly, Alexandre Sarr, Carlton Carrington"
ATL,True,22400103,2024-10-28,WAS,3,09:27,09:06,1593,1614,"OFF: Clint Capela, Trae Young, Jalen Johnson, Dyson Daniels, Zaccharie Risacher | DEF: Kyle Kuzma, Jordan Poole, Bilal Coulibaly, Alexandre Sarr, Carlton Carrington"
ATL,True,22400103,2024-10-28,WAS,3,09:50,09:41,1570,1579,"OFF: Clint Capela, Trae Young, Jalen Johnson, Dyson Daniels, Zaccharie Risacher | DEF: Kyle Kuzma, Jordan Poole, Bilal Coulibaly, Alexandre Sarr, Carlton Carrington"
ATL,True,22400103,2024-10-28,WAS,3,10:09,09:53,1551,1567,"OFF: Clint Capela, Trae Young, Jalen Johnson, Dyson Daniels, Zaccharie Risacher | DEF: Kyle Kuzma, Jordan Poole, Bilal Coulibaly, Alexandre Sarr, Carlton Carrington"
ATL,True,22400103,2024-10-28,WAS,3,10:33,10:27,1527,1533,"OFF: Clint Capela, Trae Young, Jalen Johnson, Dyson Daniels, Zaccharie Risacher | DEF: Kyle Kuzma, Jordan Poole, Bilal Coulibaly, Alexandre Sarr, Carlton Carrington"
ATL,True,22400103,2024-10-28,WAS,3,11:02,10:47,1498,1513,"OFF: Clint Capela, Trae Young, Jalen Johnson, Dyson Daniels, Zaccharie Risacher | DEF: Kyle Kuzma, Jordan Poole, Bilal Coulibaly, Alexandre Sarr, Carlton Carrington"
ATL,True,22400103,2024-10-28,WAS,3,11:21,11:10,1479,1490,"OFF: Clint Capela, Trae Young, Jalen Johnson, Dyson Daniels, Zaccharie Risacher | DEF: Kyle Kuzma, Jordan Poole, Bilal Coulibaly, Alexandre Sarr, Carlton Carrington"
ATL,True,22400103,2024-10-28,WAS,3,12:00,11:38,1440,1462,"OFF: Clint Capela, Trae Young, Jalen Johnson, Dyson Daniels, Zaccharie Risacher | DEF: Kyle Kuzma, Jordan Poole, Bilal Coulibaly, Alexandre Sarr, Carlton Carrington"
ATL,True,22400103,2024-10-28,WAS,2,00:19,00:17,1421,1423,"OFF: Clint Capela, Trae Young, Jalen Johnson, Dyson Daniels, Zaccharie Risacher | DEF: Jonas Valančiūnas, Kyle Kuzma, Jordan Poole, Bilal Coulibaly, Kyshawn George"
ATL,True,22400103,2024-10-28,WAS,2,00:50,00:30,1390,1410,"OFF: Clint Capela, Trae Young, Jalen Johnson, Dyson Daniels, Zaccharie Risacher | DEF: Jonas Valančiūnas, Kyle Kuzma, Jordan Poole, Bilal Coulibaly, Kyshawn George"
ATL,True,22400103,2024-10-28,WAS,2,01:30,01:08,1350,1372,"OFF: Clint Capela, Trae Young, Jalen Johnson, Dyson Daniels, Zaccharie Risacher | DEF: Jonas Valančiūnas, Kyle Kuzma, Jordan Poole, Bilal Coulibaly, Kyshawn George"
ATL,True,22400103,2024-10-28,WAS,2,01:53,01:40,1327,1340,"OFF: Clint Capela, Trae Young, Jalen Johnson, Dyson Daniels, Zaccharie Risacher | DEF: Jonas Valančiūnas, Kyle Kuzma, Jordan Poole, Bilal Coulibaly, Kyshawn George"
ATL,True,22400103,2024-10-28,WAS,2,02:30,02:14,1290,1306,"OFF: Clint Capela, Trae Young, Jalen Johnson, Dyson Daniels, Zaccharie Risacher | DEF: Jonas Valančiūnas, Kyle Kuzma, Jordan Poole, Bilal Coulibaly, Kyshawn George"
ATL,True,22400103,2024-10-28,WAS,2,02:59,02:50,1261,1270,"OFF: Clint Capela, Trae Young, Jalen Johnson, Dyson Daniels, Zaccharie Risacher | DEF: Jonas Valančiūnas, Kyle Kuzma, Jordan Poole, Corey Kispert, Bilal Coulibaly"
ATL,True,22400103,2024-10-28,WAS,2,03:23,03:11,1237,1249,"OFF: Clint Capela, Trae Young, Jalen Johnson, Dyson Daniels, David Roddy | DEF: Jonas Valančiūnas, Kyle Kuzma, Jordan Poole, Corey Kispert, Bilal Coulibaly"
ATL,True,22400103,2024-10-28,WAS,2,03:38,03:29,1222,1231,"OFF: Clint Capela, Trae Young, Jalen Johnson, Dyson Daniels, David Roddy | DEF: Jonas Valančiūnas, Kyle Kuzma, Jordan Poole, Corey Kispert, Bilal Coulibaly"
ATL,True,22400103,2024-10-28,WAS,2,04:12,03:55,1188,1205,"OFF: Clint Capela, Trae Young, Jalen Johnson, Dyson Daniels, David Roddy | DEF: Jonas Valančiūnas, Kyle Kuzma, Jordan Poole, Corey Kispert, Bilal Coulibaly"
ATL,True,22400103,2024-10-28,WAS,2,04:32,04:26,1168,1174,"OFF: Clint Capela, Trae Young, Jalen Johnson, Dyson Daniels, David Roddy | DEF: Jonas Valančiūnas, Kyle Kuzma, Jordan Poole, Corey Kispert, Bilal Coulibaly"
ATL,True,22400103,2024-10-28,WAS,2,05:04,04:49,1136,1151,"OFF: Clint Capela, Trae Young, Jalen Johnson, Dyson Daniels, David Roddy | DEF: Jonas Valančiūnas, Kyle Kuzma, Jordan Poole, Corey Kispert, Bilal Coulibaly"
ATL,True,22400103,2024-10-28,WAS,2,05:38,05:24,1102,1116,"OFF: Clint Capela, Trae Young, Dyson Daniels, David Roddy, Zaccharie Risacher | DEF: Jonas Valančiūnas, Kyle Kuzma, Jordan Poole, Corey Kispert, Bilal Coulibaly"
ATL,True,22400103,2024-10-28,WAS,2,06:17,06:06,1063,1074,"OFF: Larry Nance Jr., Trae Young, Garrison Mathews, David Roddy, Zaccharie Risacher | DEF: Kyle Kuzma, Jordan Poole, Corey Kispert, Bilal Coulibaly, Alexandre Sarr"
ATL,True,22400103,2024-10-28,WAS,2,06:43,06:27,1037,1053,"OFF: Larry Nance Jr., Trae Young, Garrison Mathews, David Roddy, Zaccharie Risacher | DEF: Kyle Kuzma, Jordan Poole, Corey Kispert, Bilal Coulibaly, Alexandre Sarr"
ATL,True,22400103,2024-10-28,WAS,2,07:17,06:52,1003,1028,"OFF: Larry Nance Jr., Trae Young, Garrison Mathews, David Roddy, Zaccharie Risacher | DEF: Kyle Kuzma, Jordan Poole, Corey Kispert, Bilal Coulibaly, Alexandre Sarr"
ATL,True,22400103,2024-10-28,WAS,2,07:52,07:40,968,980,"OFF: Larry Nance Jr., Trae Young, Garrison Mathews, David Roddy, Zaccharie Risacher | DEF: Kyle Kuzma, Jordan Poole, Corey Kispert, Alexandre Sarr, Kyshawn George"
ATL,True,22400103,2024-10-28,WAS,2,08:21,08:01,939,959,"OFF: Larry Nance Jr., Garrison Mathews, Vít Krejčí, David Roddy, Zaccharie Risacher | DEF: Kyle Kuzma, Corey Kispert, Alexandre Sarr, Carlton Carrington, Kyshawn George"
ATL,True,22400103,2024-10-28,WAS,2,08:38,08:36,922,924,"OFF: Larry Nance Jr., Garrison Mathews, Vít Krejčí, Jalen Johnson, Zaccharie Risacher | DEF: Kyle Kuzma, Corey Kispert, Alexandre Sarr, Carlton Carrington, Kyshawn George"
ATL,True,22400103,2024-10-28,WAS,2,09:21,08:51,879,909,"OFF: Larry Nance Jr., Garrison Mathews, Vít Krejčí, Jalen Johnson, Zaccharie Risacher | DEF: Kyle Kuzma, Corey Kispert, Alexandre Sarr, Carlton Carrington, Kyshawn George"
ATL,True,22400103,2024-10-28,WAS,2,09:58,09:47,842,853,"OFF: Larry Nance Jr., Garrison Mathews, Vít Krejčí, Jalen Johnson, Zaccharie Risacher | DEF: Kyle Kuzma, Corey Kispert, Alexandre Sarr, Carlton Carrington, Kyshawn George"
ATL,True,22400103,2024-10-28,WAS,2,10:28,10:10,812,830,"OFF: Larry Nance Jr., Garrison Mathews, Vít Krejčí, Jalen Johnson, Zaccharie Risacher | DEF: Kyle Kuzma, Corey Kispert, Alexandre Sarr, Carlton Carrington, Kyshawn George"
ATL,True,22400103,2024-10-28,WAS,2,10:46,10:38,794,802,"OFF: Larry Nance Jr., Garrison Mathews, Vít Krejčí, Jalen Johnson, Zaccharie Risacher | DEF: Kyle Kuzma, Corey Kispert, Alexandre Sarr, Carlton Carrington, Kyshawn George"
ATL,True,22400103,2024-10-28,WAS,2,11:24,11:05,756,775,"OFF: Larry Nance Jr., Garrison Mathews, Vít Krejčí, Jalen Johnson, Zaccharie Risacher | DEF: Kyle Kuzma, Corey Kispert, Alexandre Sarr, Carlton Carrington, Kyshawn George"
ATL,True,22400103,2024-10-28,WAS,2,11:44,11:35,736,745,"OFF: Larry Nance Jr., Garrison Mathews, Vít Krejčí, Jalen Johnson, Zaccharie Risacher | DEF: Kyle Kuzma, Corey Kispert, Alexandre Sarr, Carlton Carrington, Kyshawn George"
ATL,True,22400103,2024-10-28,WAS,2,12:00,11:51,720,729,"OFF: Larry Nance Jr., Garrison Mathews, Vít Krejčí, Jalen Johnson, Zaccharie Risacher | DEF: Kyle Kuzma, Corey Kispert, Alexandre Sarr, Carlton Carrington, Kyshawn George"
ATL,True,22400103,2024-10-28,WAS,1,00:16,00:01,704,719,"OFF: Larry Nance Jr., Trae Young, Garrison Mathews, Jalen Johnson, Zaccharie Risacher | DEF: Kyle Kuzma, Bilal Coulibaly, Alexandre Sarr, Carlton Carrington, Kyshawn George"
ATL,True,22400103,2024-10-28,WAS,1,00:43,00:29,677,691,"OFF: Larry Nance Jr., Garrison Mathews, Vít Krejčí, Jalen Johnson, Zaccharie Risacher | DEF: Kyle Kuzma, Marvin Bagley III, Corey Kispert, Carlton Carrington, Kyshawn George"
ATL,True,22400103,2024-10-28,WAS,1,01:01,00:49,659,671,"OFF: Larry Nance Jr., Garrison Mathews, Vít Krejčí, Jalen Johnson, Zaccharie Risacher | DEF: Kyle Kuzma, Marvin Bagley III, Corey Kispert, Carlton Carrington, Kyshawn George"
ATL,True,22400103,2024-10-28,WAS,1,01:24,01:21,636,639,"OFF: Larry Nance Jr., Garrison Mathews, Vít Krejčí, Jalen Johnson, Zaccharie Risacher | DEF: Kyle Kuzma, Marvin Bagley III, Corey Kispert, Carlton Carrington, Kyshawn George"
ATL,True,22400103,2024-10-28,WAS,1,01:42,01:32,618,628,"OFF: Larry Nance Jr., Garrison Mathews, Vít Krejčí, Jalen Johnson, Zaccharie Risacher | DEF: Kyle Kuzma, Marvin Bagley III, Corey Kispert, Carlton Carrington, Kyshawn George"
ATL,True,22400103,2024-10-28,WAS,1,02:15,02:01,585,599,"OFF: Larry Nance Jr., Garrison Mathews, Vít Krejčí, Jalen Johnson, Zaccharie Risacher | DEF: Marvin Bagley III, Corey Kispert, Bilal Coulibaly, Carlton Carrington, Kyshawn George"
ATL,True,22400103,2024-10-28,WAS,1,02:40,02:31,560,569,"OFF: Larry Nance Jr., Trae Young, Vít Krejčí, Jalen Johnson, Dyson Daniels | DEF: Marvin Bagley III, Corey Kispert, Bilal Coulibaly, Carlton Carrington, Kyshawn George"
ATL,True,22400103,2024-10-28,WAS,1,03:03,02:55,537,545,"OFF: Larry Nance Jr., Trae Young, Vít Krejčí, Jalen Johnson, Dyson Daniels | DEF: Marvin Bagley III, Corey Kispert, Bilal Coulibaly, Carlton Carrington, Kyshawn George"
ATL,True,22400103,2024-10-28,WAS,1,03:30,03:19,510,521,"OFF: Larry Nance Jr., Trae Young, Vít Krejčí, Jalen Johnson, Dyson Daniels | DEF: Marvin Bagley III, Corey Kispert, Bilal Coulibaly, Carlton Carrington, Kyshawn George"
ATL,True,22400103,2024-10-28,WAS,1,03:52,03:32,488,508,"OFF: Larry Nance Jr., Trae Young, Vít Krejčí, Jalen Johnson, Dyson Daniels | DEF: Marvin Bagley III, Corey Kispert, Bilal Coulibaly, Carlton Carrington, Kyshawn George"
ATL,True,22400103,2024-10-28,WAS,1,04:23,04:14,457,466,"OFF: Larry Nance Jr., Trae Young, Vít Krejčí, Dyson Daniels, David Roddy | DEF: Jonas Valančiūnas, Kyle Kuzma, Jordan Poole, Corey Kispert, Bilal Coulibaly"
ATL,True,22400103,2024-10-28,WAS,1,04:58,04:41,422,439,"OFF: Larry Nance Jr., Trae Young, Vít Krejčí, Dyson Daniels, David Roddy | DEF: Jonas Valančiūnas, Kyle Kuzma, Jordan Poole, Corey Kispert, Bilal Coulibaly"
ATL,True,22400103,2024-10-28,WAS,1,05:26,05:10,394,410,"OFF: Larry Nance Jr., Trae Young, Vít Krejčí, Dyson Daniels, David Roddy | DEF: Jonas Valančiūnas, Kyle Kuzma, Jordan Poole, Corey Kispert, Bilal Coulibaly"
ATL,True,22400103,2024-10-28,WAS,1,05:55,05:40,365,380,"OFF: Larry Nance Jr., Trae Young, Vít Krejčí, Dyson Daniels, David Roddy | DEF: Jonas Valančiūnas, Kyle Kuzma, Jordan Poole, Corey Kispert, Bilal Coulibaly"
ATL,True,22400103,2024-10-28,WAS,1,06:22,06:11,338,349,"OFF: Clint Capela, Trae Young, Dyson Daniels, David Roddy, Zaccharie Risacher | DEF: Jonas Valančiūnas, Kyle Kuzma, Jordan Poole, Corey Kispert, Bilal Coulibaly"
ATL,True,22400103,2024-10-28,WAS,1,06:41,06:26,319,334,"OFF: Clint Capela, Trae Young, Dyson Daniels, David Roddy, Zaccharie Risacher | DEF: Jonas Valančiūnas, Kyle Kuzma, Jordan Poole, Corey Kispert, Bilal Coulibaly"
ATL,True,22400103,2024-10-28,WAS,1,07:14,07:02,286,298,"OFF: Clint Capela, Trae Young, Jalen Johnson, Dyson Daniels, Zaccharie Risacher | DEF: Jonas Valančiūnas, Kyle Kuzma, Jordan Poole, Corey Kispert, Bilal Coulibaly"
ATL,True,22400103,2024-10-28,WAS,1,07:34,07:30,266,270,"OFF: Clint Capela, Trae Young, Jalen Johnson, Dyson Daniels, Zaccharie Risacher | DEF: Jonas Valančiūnas, Kyle Kuzma, Jordan Poole, Bilal Coulibaly, Alexandre Sarr"
ATL,True,22400103,2024-10-28,WAS,1,08:04,07:47,236,253,"OFF: Clint Capela, Trae Young, Jalen Johnson, Dyson Daniels, Zaccharie Risacher | DEF: Jonas Valančiūnas, Kyle Kuzma, Jordan Poole, Bilal Coulibaly, Alexandre Sarr"
ATL,True,22400103,2024-10-28,WAS,1,08:25,08:20,215,220,"OFF: Clint Capela, Trae Young, Jalen Johnson, Dyson Daniels, Zaccharie Risacher | DEF: Jonas Valančiūnas, Kyle Kuzma, Jordan Poole, Bilal Coulibaly, Alexandre Sarr"
ATL,True,22400103,2024-10-28,WAS,1,08:45,08:43,195,197,"OFF: Clint Capela, Trae Young, Jalen Johnson, Dyson Daniels, Zaccharie Risacher | DEF: Jonas Valančiūnas, Kyle Kuzma, Jordan Poole, Bilal Coulibaly, Alexandre Sarr"
ATL,True,22400103,2024-10-28,WAS,1,09:11,09:01,169,179,"OFF: Clint Capela, Trae Young, Jalen Johnson, Dyson Daniels, Zaccharie Risacher | DEF: Jonas Valančiūnas, Kyle Kuzma, Jordan Poole, Bilal Coulibaly, Alexandre Sarr"
ATL,True,22400103,2024-10-28,WAS,1,09:47,09:38,133,142,"OFF: Clint Capela, Trae Young, Jalen Johnson, Dyson Daniels, Zaccharie Risacher | DEF: Jonas Valančiūnas, Kyle Kuzma, Jordan Poole, Bilal Coulibaly, Alexandre Sarr"
ATL,True,22400103,2024-10-28,WAS,1,10:11,10:06,109,114,"OFF: Clint Capela, Trae Young, Jalen Johnson, Dyson Daniels, Zaccharie Risacher | DEF: Jonas Valančiūnas, Kyle Kuzma, Jordan Poole, Bilal Coulibaly, Alexandre Sarr"
ATL,True,22400103,2024-10-28,WAS,1,10:33,10:27,87,93,"OFF: Clint Capela, Trae Young, Jalen Johnson, Dyson Daniels, Zaccharie Risacher | DEF: Jonas Valančiūnas, Kyle Kuzma, Jordan Poole, Bilal Coulibaly, Alexandre Sarr"
ATL,True,22400103,2024-10-28,WAS,1,11:07,11:01,53,59,"OFF: Clint Capela, Trae Young, Jalen Johnson, Dyson Daniels, Zaccharie Risacher | DEF: Jonas Valančiūnas, Kyle Kuzma, Jordan Poole, Bilal Coulibaly, Alexandre Sarr"
ATL,True,22400103,2024-10-28,WAS,1,11:48,11:27,12,33,"OFF: Clint Capela, Trae Young, Jalen Johnson, Dyson Daniels, Zaccharie Risacher | DEF: Jonas Valančiūnas, Kyle Kuzma, Jordan Poole, Bilal Coulibaly, Alexandre Sarr"
ATL,False,22400103,2024-10-28,WAS,4,00:08,00:06,2872,2874,"OFF: Jordan Poole, Corey Kispert, Bilal Coulibaly, Alexandre Sarr, Kyshawn George | DEF: Clint Capela, Trae Young, Garrison Mathews, Jalen Johnson, Dyson Daniels"
ATL,False,22400103,2024-10-28,WAS,4,00:16,00:12,2864,2868,"OFF: Jordan Poole, Corey Kispert, Bilal Coulibaly, Alexandre Sarr, Kyshawn George | DEF: Larry Nance Jr., Trae Young, Jalen Johnson, Dyson Daniels, Zaccharie Risacher"
ATL,False,22400103,2024-10-28,WAS,4,00:41,00:19,2839,2861,"OFF: Jordan Poole, Corey Kispert, Bilal Coulibaly, Alexandre Sarr, Kyshawn George | DEF: Clint Capela, Trae Young, Garrison Mathews, Jalen Johnson, Dyson Daniels"
ATL,False,22400103,2024-10-28,WAS,4,01:07,00:51,2813,2829,"OFF: Jordan Poole, Corey Kispert, Bilal Coulibaly, Alexandre Sarr, Kyshawn George | DEF: Clint Capela, Trae Young, Jalen Johnson, Dyson Daniels, Zaccharie Risacher"
ATL,False,22400103,2024-10-28,WAS,4,01:44,01:22,2776,2798,"OFF: Jordan Poole, Corey Kispert, Bilal Coulibaly, Alexandre Sarr, Kyshawn George | DEF: Clint Capela, Trae Young, Jalen Johnson, Dyson Daniels, Zaccharie Risacher"
ATL,False,22400103,2024-10-28,WAS,4,02:00,01:46,2760,2774,"OFF: Jordan Poole, Corey Kispert, Bilal Coulibaly, Alexandre Sarr, Kyshawn George | DEF: Clint Capela, Trae Young, Jalen Johnson, Dyson Daniels, Zaccharie Risacher"
ATL,False,22400103,2024-10-28,WAS,4,02:29,02:08,2731,2752,"OFF: Kyle Kuzma, Jordan Poole, Corey Kispert, Bilal Coulibaly, Alexandre Sarr | DEF: Clint Capela, Trae Young, Garrison Mathews, Jalen Johnson, Dyson Daniels"
ATL,False,22400103,2024-10-28,WAS,4,03:03,02:48,2697,2712,"OFF: Kyle Kuzma, Jordan Poole, Corey Kispert, Bilal Coulibaly, Alexandre Sarr | DEF: Clint Capela, Trae Young, Garrison Mathews, Jalen Johnson, Dyson Daniels"
ATL,False,22400103,2024-10-28,WAS,4,03:31,03:09,2669,2691,"OFF: Kyle Kuzma, Jordan Poole, Corey Kispert, Bilal Coulibaly, Alexandre Sarr | DEF: Clint Capela, Trae Young, Garrison Mathews, Jalen Johnson, Dyson Daniels"
ATL,False,22400103,2024-10-28,WAS,4,03:59,03:41,2641,2659,"OFF: Kyle Kuzma, Jordan Poole, Corey Kispert, Bilal Coulibaly, Alexandre Sarr | DEF: Clint Capela, Trae Young, Garrison Mathews, Jalen Johnson, Dyson Daniels"
ATL,False,22400103,2024-10-28,WAS,4,04:13,04:10,2627,2630,"OFF: Kyle Kuzma, Jordan Poole, Corey Kispert, Bilal Coulibaly, Alexandre Sarr | DEF: Clint Capela, Trae Young, Garrison Mathews, Jalen Johnson, Dyson Daniels"
ATL,False,22400103,2024-10-28,WAS,4,04:36,04:22,2604,2618,"OFF: Kyle Kuzma, Jordan Poole, Corey Kispert, Bilal Coulibaly, Alexandre Sarr | DEF: Clint Capela, Trae Young, Garrison Mathews, Jalen Johnson, Dyson Daniels"
ATL,False,22400103,2024-10-28,WAS,4,05:13,04:54,2567,2586,"OFF: Kyle Kuzma, Jordan Poole, Corey Kispert, Bilal Coulibaly, Alexandre Sarr | DEF: Clint Capela, Trae Young, Garrison Mathews, Jalen Johnson, Dyson Daniels"
ATL,False,22400103,2024-10-28,WAS,4,05:33,05:26,2547,2554,"OFF: Kyle Kuzma, Jordan Poole, Corey Kispert, Bilal Coulibaly, Alexandre Sarr | DEF: Clint Capela, Trae Young, Garrison Mathews, Jalen Johnson, Dyson Daniels"
ATL,False,22400103,2024-10-28,WAS,4,06:12,05:55,2508,2525,"OFF: Kyle Kuzma, Jordan Poole, Corey Kispert, Bilal Coulibaly, Alexandre Sarr | DEF: Clint Capela, Trae Young, Jalen Johnson, Dyson Daniels, David Roddy"
ATL,False,22400103,2024-10-28,WAS,4,06:48,06:26,2472,2494,"OFF: Jordan Poole, Corey Kispert, Bilal Coulibaly, Alexandre Sarr, Kyshawn George | DEF: Clint Capela, Trae Young, Jalen Johnson, Dyson Daniels, David Roddy"
ATL,False,22400103,2024-10-28,WAS,4,07:12,07:00,2448,2460,"OFF: Jordan Poole, Corey Kispert, Bilal Coulibaly, Alexandre Sarr, Kyshawn George | DEF: Clint Capela, Trae Young, Jalen Johnson, Dyson Daniels, David Roddy"
ATL,False,22400103,2024-10-28,WAS,4,07:40,07:25,2420,2435,"OFF: Jonas Valančiūnas, Jordan Poole, Corey Kispert, Bilal Coulibaly, Kyshawn George | DEF: Larry Nance Jr., Trae Young, Jalen Johnson, Dyson Daniels, David Roddy"
ATL,False,22400103,2024-10-28,WAS,4,08:30,08:05,2370,2395,"OFF: Jonas Valančiūnas, Kyle Kuzma, Corey Kispert, Carlton Carrington, Kyshawn George | DEF: Larry Nance Jr., Garrison Mathews, Jalen Johnson, Dyson Daniels, David Roddy"
ATL,False,22400103,2024-10-28,WAS,4,08:56,08:42,2344,2358,"OFF: Jonas Valančiūnas, Kyle Kuzma, Corey Kispert, Carlton Carrington, Kyshawn George | DEF: Larry Nance Jr., Garrison Mathews, Jalen Johnson, Dyson Daniels, David Roddy"
ATL,False,22400103,2024-10-28,WAS,4,09:22,09:13,2318,2327,"OFF: Jonas Valančiūnas, Kyle Kuzma, Corey Kispert, Carlton Carrington, Kyshawn George | DEF: Larry Nance Jr., Garrison Mathews, Jalen Johnson, Dyson Daniels, David Roddy"
ATL,False,22400103,2024-10-28,WAS,4,09:28,09:27,2312,2313,"OFF: Jonas Valančiūnas, Kyle Kuzma, Corey Kispert, Carlton Carrington, Kyshawn George | DEF: Larry Nance Jr., Garrison Mathews, Jalen Johnson, Dyson Daniels, David Roddy"
ATL,False,22400103,2024-10-28,WAS,4,10:10,09:49,2270,2291,"OFF: Jonas Valančiūnas, Kyle Kuzma, Corey Kispert, Carlton Carrington, Kyshawn George | DEF: Larry Nance Jr., Garrison Mathews, Jalen Johnson, Dyson Daniels, David Roddy"
ATL,False,22400103,2024-10-28,WAS,4,10:46,10:29,2234,2251,"OFF: Jonas Valančiūnas, Kyle Kuzma, Corey Kispert, Carlton Carrington, Kyshawn George | DEF: Larry Nance Jr., Garrison Mathews, Jalen Johnson, Dyson Daniels, Zaccharie Risacher"
ATL,False,22400103,2024-10-28,WAS,4,11:16,11:04,2204,2216,"OFF: Jonas Valančiūnas, Kyle Kuzma, Corey Kispert, Carlton Carrington, Kyshawn George | DEF: Larry Nance Jr., Garrison Mathews, Jalen Johnson, Dyson Daniels, Zaccharie Risacher"
ATL,False,22400103,2024-10-28,WAS,4,12:00,11:37,2160,2183,"OFF: Jonas Valančiūnas, Kyle Kuzma, Corey Kispert, Carlton Carrington, Kyshawn George | DEF: Larry Nance Jr., Garrison Mathews, Jalen Johnson, Dyson Daniels, Zaccharie Risacher"
ATL,False,22400103,2024-10-28,WAS,3,00:24,00:03,2136,2157,"OFF: Jonas Valančiūnas, Kyle Kuzma, Corey Kispert, Carlton Carrington, Kyshawn George | DEF: Larry Nance Jr., Garrison Mathews, Jalen Johnson, Keaton Wallace, David Roddy"
ATL,False,22400103,2024-10-28,WAS,3,00:55,00:44,2105,2116,"OFF: Jonas Valančiūnas, Kyle Kuzma, Corey Kispert, Carlton Carrington, Kyshawn George | DEF: Larry Nance Jr., Garrison Mathews, Jalen Johnson, Keaton Wallace, David Roddy"
ATL,False,22400103,2024-10-28,WAS,3,01:13,00:56,2087,2104,"OFF: Jonas Valančiūnas, Corey Kispert, Bilal Coulibaly, Carlton Carrington, Kyshawn George | DEF: Larry Nance Jr., Garrison Mathews, Jalen Johnson, Keaton Wallace, David Roddy"
ATL,False,22400103,2024-10-28,WAS,3,01:48,01:25,2052,2075,"OFF: Jonas Valančiūnas, Corey Kispert, Bilal Coulibaly, Carlton Carrington, Kyshawn George | DEF: Larry Nance Jr., Garrison Mathews, Jalen Johnson, Keaton Wallace, David Roddy"
ATL,False,22400103,2024-10-28,WAS,3,02:25,02:04,2015,2036,"OFF: Jonas Valančiūnas, Corey Kispert, Bilal Coulibaly, Carlton Carrington, Kyshawn George | DEF: Larry Nance Jr., Trae Young, Garrison Mathews, Jalen Johnson, David Roddy"
ATL,False,22400103,2024-10-28,WAS,3,02:47,02:37,1993,2003,"OFF: Jonas Valančiūnas, Corey Kispert, Bilal Coulibaly, Carlton Carrington, Kyshawn George | DEF: Larry Nance Jr., Trae Young, Garrison Mathews, Jalen Johnson, David Roddy"
ATL,False,22400103,2024-10-28,WAS,3,03:11,02:58,1969,1982,"OFF: Jonas Valančiūnas, Kyle Kuzma, Corey Kispert, Bilal Coulibaly, Carlton Carrington | DEF: Larry Nance Jr., Trae Young, Garrison Mathews, Jalen Johnson, David Roddy"
ATL,False,22400103,2024-10-28,WAS,3,03:33,03:25,1947,1955,"OFF: Kyle Kuzma, Jordan Poole, Corey Kispert, Bilal Coulibaly, Alexandre Sarr | DEF: Larry Nance Jr., Trae Young, Garrison Mathews, Dyson Daniels, David Roddy"
ATL,False,22400103,2024-10-28,WAS,3,04:02,03:46,1918,1934,"OFF: Kyle Kuzma, Jordan Poole, Corey Kispert, Bilal Coulibaly, Alexandre Sarr | DEF: Larry Nance Jr., Trae Young, Garrison Mathews, Dyson Daniels, David Roddy"
ATL,False,22400103,2024-10-28,WAS,3,04:23,04:17,1897,1903,"OFF: Kyle Kuzma, Jordan Poole, Corey Kispert, Bilal Coulibaly, Alexandre Sarr | DEF: Larry Nance Jr., Trae Young, Garrison Mathews, Dyson Daniels, David Roddy"
ATL,False,22400103,2024-10-28,WAS,3,05:04,04:45,1856,1875,"OFF: Kyle Kuzma, Jordan Poole, Corey Kispert, Bilal Coulibaly, Alexandre Sarr | DEF: Larry Nance Jr., Trae Young, Garrison Mathews, Dyson Daniels, David Roddy"
ATL,False,22400103,2024-10-28,WAS,3,05:34,05:30,1826,1830,"OFF: Kyle Kuzma, Jordan Poole, Corey Kispert, Bilal Coulibaly, Alexandre Sarr | DEF: Larry Nance Jr., Trae Young, Garrison Mathews, Dyson Daniels, David Roddy"
ATL,False,22400103,2024-10-28,WAS,3,06:03,05:46,1797,1814,"OFF: Kyle Kuzma, Jordan Poole, Corey Kispert, Bilal Coulibaly, Alexandre Sarr | DEF: Larry Nance Jr., Trae Young, Garrison Mathews, Dyson Daniels, David Roddy"
ATL,False,22400103,2024-10-28,WAS,3,06:15,06:07,1785,1793,"OFF: Kyle Kuzma, Jordan Poole, Bilal Coulibaly, Alexandre Sarr, Carlton Carrington | DEF: Clint Capela, Trae Young, Garrison Mathews, Jalen Johnson, Dyson Daniels"
ATL,False,22400103,2024-10-28,WAS,3,06:41,06:18,1759,1782,"OFF: Kyle Kuzma, Jordan Poole, Bilal Coulibaly, Alexandre Sarr, Carlton Carrington | DEF: Clint Capela, Trae Young, Garrison Mathews, Jalen Johnson, Dyson Daniels"
ATL,False,22400103,2024-10-28,WAS,3,06:56,06:51,1744,1749,"OFF: Kyle Kuzma, Jordan Poole, Bilal Coulibaly, Alexandre Sarr, Carlton Carrington | DEF: Clint Capela, Trae Young, Garrison Mathews, Jalen Johnson, Dyson Daniels"
ATL,False,22400103,2024-10-28,WAS,3,07:24,07:07,1716,1733,"OFF: Kyle Kuzma, Jordan Poole, Bilal Coulibaly, Alexandre Sarr, Carlton Carrington | DEF: Clint Capela, Trae Young, Jalen Johnson, Dyson Daniels, Zaccharie Risacher"
ATL,False,22400103,2024-10-28,WAS,3,08:14,07:57,1666,1683,"OFF: Kyle Kuzma, Jordan Poole, Bilal Coulibaly, Alexandre Sarr, Carlton Carrington | DEF: Clint Capela, Trae Young, Jalen Johnson, Dyson Daniels, Zaccharie Risacher"
ATL,False,22400103,2024-10-28,WAS,3,08:34,08:26,1646,1654,"OFF: Kyle Kuzma, Jordan Poole, Bilal Coulibaly, Alexandre Sarr, Carlton Carrington | DEF: Clint Capela, Trae Young, Jalen Johnson, Dyson Daniels, Zaccharie Risacher"
ATL,False,22400103,2024-10-28,WAS,3,09:06,09:01,1614,1619,"OFF: Kyle Kuzma, Jordan Poole, Bilal Coulibaly, Alexandre Sarr, Carlton Carrington | DEF: Clint Capela, Trae Young, Jalen Johnson, Dyson Daniels, Zaccharie Risacher"
ATL,False,22400103,2024-10-28,WAS,3,09:41,09:27,1579,1593,"OFF: Kyle Kuzma, Jordan Poole, Bilal Coulibaly, Alexandre Sarr, Carlton Carrington | DEF: Clint Capela, Trae Young, Jalen Johnson, Dyson Daniels, Zaccharie Risacher"
ATL,False,22400103,2024-10-28,WAS,3,09:53,09:50,1567,1570,"OFF: Kyle Kuzma, Jordan Poole, Bilal Coulibaly, Alexandre Sarr, Carlton Carrington | DEF: Clint Capela, Trae Young, Jalen Johnson, Dyson Daniels, Zaccharie Risacher"
ATL,False,22400103,2024-10-28,WAS,3,10:27,10:09,1533,1551,"OFF: Kyle Kuzma, Jordan Poole, Bilal Coulibaly, Alexandre Sarr, Carlton Carrington | DEF: Clint Capela, Trae Young, Jalen Johnson, Dyson Daniels, Zaccharie Risacher"
ATL,False,22400103,2024-10-28,WAS,3,10:47,10:33,1513,1527,"OFF: Kyle Kuzma, Jordan Poole, Bilal Coulibaly, Alexandre Sarr, Carlton Carrington | DEF: Clint Capela, Trae Young, Jalen Johnson, Dyson Daniels, Zaccharie Risacher"
ATL,False,22400103,2024-10-28,WAS,3,11:10,11:02,1490,1498,"OFF: Kyle Kuzma, Jordan Poole, Bilal Coulibaly, Alexandre Sarr, Carlton Carrington | DEF: Clint Capela, Trae Young, Jalen Johnson, Dyson Daniels, Zaccharie Risacher"
ATL,False,22400103,2024-10-28,WAS,3,11:38,11:21,1462,1479,"OFF: Kyle Kuzma, Jordan Poole, Bilal Coulibaly, Alexandre Sarr, Carlton Carrington | DEF: Clint Capela, Trae Young, Jalen Johnson, Dyson Daniels, Zaccharie Risacher"
ATL,False,22400103,2024-10-28,WAS,2,00:17,00:01,1423,1439,"OFF: Jonas Valančiūnas, Kyle Kuzma, Jordan Poole, Bilal Coulibaly, Kyshawn George | DEF: Clint Capela, Trae Young, Jalen Johnson, Dyson Daniels, Zaccharie Risacher"
ATL,False,22400103,2024-10-28,WAS,2,00:30,00:19,1410,1421,"OFF: Jonas Valančiūnas, Kyle Kuzma, Jordan Poole, Bilal Coulibaly, Kyshawn George | DEF: Clint Capela, Trae Young, Jalen Johnson, Dyson Daniels, Zaccharie Risacher"
ATL,False,22400103,2024-10-28,WAS,2,01:08,00:50,1372,1390,"OFF: Jonas Valančiūnas, Kyle Kuzma, Jordan Poole, Bilal Coulibaly, Kyshawn George | DEF: Clint Capela, Trae Young, Jalen Johnson, Dyson Daniels, Zaccharie Risacher"
ATL,False,22400103,2024-10-28,WAS,2,01:40,01:30,1340,1350,"OFF: Jonas Valančiūnas, Kyle Kuzma, Jordan Poole, Bilal Coulibaly, Kyshawn George | DEF: Clint Capela, Trae Young, Jalen Johnson, Dyson Daniels, Zaccharie Risacher"
ATL,False,22400103,2024-10-28,WAS,2,02:14,01:53,1306,1327,"OFF: Jonas Valančiūnas, Kyle Kuzma, Jordan Poole, Bilal Coulibaly, Kyshawn George | DEF: Clint Capela, Trae Young, Jalen Johnson, Dyson Daniels, Zaccharie Risacher"
ATL,False,22400103,2024-10-28,WAS,2,02:50,02:30,1270,1290,"OFF: Jonas Valančiūnas, Kyle Kuzma, Jordan Poole, Corey Kispert, Bilal Coulibaly | DEF: Clint Capela, Trae Young, Jalen Johnson, Dyson Daniels, Zaccharie Risacher"
ATL,False,22400103,2024-10-28,WAS,2,03:11,02:59,1249,1261,"OFF: Jonas Valančiūnas, Kyle Kuzma, Jordan Poole, Corey Kispert, Bilal Coulibaly | DEF: Clint Capela, Trae Young, Jalen Johnson, Dyson Daniels, David Roddy"
ATL,False,22400103,2024-10-28,WAS,2,03:29,03:23,1231,1237,"OFF: Jonas Valančiūnas, Kyle Kuzma, Jordan Poole, Corey Kispert, Bilal Coulibaly | DEF: Clint Capela, Trae Young, Jalen Johnson, Dyson Daniels, David Roddy"
ATL,False,22400103,2024-10-28,WAS,2,03:55,03:38,1205,1222,"OFF: Jonas Valančiūnas, Kyle Kuzma, Jordan Poole, Corey Kispert, Bilal Coulibaly | DEF: Clint Capela, Trae Young, Jalen Johnson, Dyson Daniels, David Roddy"
ATL,False,22400103,2024-10-28,WAS,2,04:26,04:12,1174,1188,"OFF: Jonas Valančiūnas, Kyle Kuzma, Jordan Poole, Corey Kispert, Bilal Coulibaly | DEF: Clint Capela, Trae Young, Jalen Johnson, Dyson Daniels, David Roddy"
ATL,False,22400103,2024-10-28,WAS,2,04:49,04:32,1151,1168,"OFF: Jonas Valančiūnas, Kyle Kuzma, Jordan Poole, Corey Kispert, Bilal Coulibaly | DEF: Clint Capela, Trae Young, Jalen Johnson, Dyson Daniels, David Roddy"
ATL,False,22400103,2024-10-28,WAS,2,05:24,05:04,1116,1136,"OFF: Jonas Valančiūnas, Kyle Kuzma, Jordan Poole, Corey Kispert, Bilal Coulibaly | DEF: Clint Capela, Trae Young, Jalen Johnson, Dyson Daniels, David Roddy"
ATL,False,22400103,2024-10-28,WAS,2,06:06,05:38,1074,1102,"OFF: Kyle Kuzma, Jordan Poole, Corey Kispert, Bilal Coulibaly, Alexandre Sarr | DEF: Larry Nance Jr., Trae Young, Garrison Mathews, David Roddy, Zaccharie Risacher"
ATL,False,22400103,2024-10-28,WAS,2,06:27,06:17,1053,1063,"OFF: Kyle Kuzma, Jordan Poole, Corey Kispert, Bilal Coulibaly, Alexandre Sarr | DEF: Larry Nance Jr., Trae Young, Garrison Mathews, David Roddy, Zaccharie Risacher"
ATL,False,22400103,2024-10-28,WAS,2,06:52,06:43,1028,1037,"OFF: Kyle Kuzma, Jordan Poole, Corey Kispert, Bilal Coulibaly, Alexandre Sarr | DEF: Larry Nance Jr., Trae Young, Garrison Mathews, David Roddy, Zaccharie Risacher"
ATL,False,22400103,2024-10-28,WAS,2,07:40,07:17,980,1003,"OFF: Kyle Kuzma, Jordan Poole, Corey Kispert, Alexandre Sarr, Kyshawn George | DEF: Larry Nance Jr., Trae Young, Garrison Mathews, David Roddy, Zaccharie Risacher"
ATL,False,22400103,2024-10-28,WAS,2,08:01,07:52,959,968,"OFF: Kyle Kuzma, Corey Kispert, Alexandre Sarr, Carlton Carrington, Kyshawn George | DEF: Larry Nance Jr., Garrison Mathews, Vít Krejčí, David Roddy, Zaccharie Risacher"
ATL,False,22400103,2024-10-28,WAS,2,08:36,08:21,924,939,"OFF: Kyle Kuzma, Corey Kispert, Alexandre Sarr, Carlton Carrington, Kyshawn George | DEF: Larry Nance Jr., Garrison Mathews, Vít Krejčí, David Roddy, Zaccharie Risacher"
ATL,False,22400103,2024-10-28,WAS,2,08:51,08:38,909,922,"OFF: Kyle Kuzma, Corey Kispert, Alexandre Sarr, Carlton Carrington, Kyshawn George | DEF: Larry Nance Jr., Garrison Mathews, Vít Krejčí, Jalen Johnson, Zaccharie Risacher"
ATL,False,22400103,2024-10-28,WAS,2,09:47,09:21,853,879,"OFF: Kyle Kuzma, Corey Kispert, Alexandre Sarr, Carlton Carrington, Kyshawn George | DEF: Larry Nance Jr., Garrison Mathews, Vít Krejčí, Jalen Johnson, Zaccharie Risacher"
ATL,False,22400103,2024-10-28,WAS,2,10:10,09:58,830,842,"OFF: Kyle Kuzma, Corey Kispert, Alexandre Sarr, Carlton Carrington, Kyshawn George | DEF: Larry Nance Jr., Garrison Mathews, Vít Krejčí, Jalen Johnson, Zaccharie Risacher"
ATL,False,22400103,2024-10-28,WAS,2,10:38,10:28,802,812,"OFF: Kyle Kuzma, Corey Kispert, Alexandre Sarr, Carlton Carrington, Kyshawn George | DEF: Larry Nance Jr., Garrison Mathews, Vít Krejčí, Jalen Johnson, Zaccharie Risacher"
ATL,False,22400103,2024-10-28,WAS,2,11:05,10:46,775,794,"OFF: Kyle Kuzma, Corey Kispert, Alexandre Sarr, Carlton Carrington, Kyshawn George | DEF: Larry Nance Jr., Garrison Mathews, Vít Krejčí, Jalen Johnson, Zaccharie Risacher"
ATL,False,22400103,2024-10-28,WAS,2,11:35,11:24,745,756,"OFF: Kyle Kuzma, Corey Kispert, Alexandre Sarr, Carlton Carrington, Kyshawn George | DEF: Larry Nance Jr., Garrison Mathews, Vít Krejčí, Jalen Johnson, Zaccharie Risacher"
ATL,False,22400103,2024-10-28,WAS,2,11:51,11:44,729,736,"OFF: Kyle Kuzma, Corey Kispert, Alexandre Sarr, Carlton Carrington, Kyshawn George | DEF: Larry Nance Jr., Garrison Mathews, Vít Krejčí, Jalen Johnson, Zaccharie Risacher"
ATL,False,22400103,2024-10-28,WAS,1,00:29,00:16,691,704,"OFF: Kyle Kuzma, Marvin Bagley III, Corey Kispert, Carlton Carrington, Kyshawn George | DEF: Larry Nance Jr., Garrison Mathews, Vít Krejčí, Jalen Johnson, Zaccharie Risacher"
ATL,False,22400103,2024-10-28,WAS,1,00:49,00:43,671,677,"OFF: Kyle Kuzma, Marvin Bagley III, Corey Kispert, Carlton Carrington, Kyshawn George | DEF: Larry Nance Jr., Garrison Mathews, Vít Krejčí, Jalen Johnson, Zaccharie Risacher"
ATL,False,22400103,2024-10-28,WAS,1,01:21,01:01,639,659,"OFF: Kyle Kuzma, Marvin Bagley III, Corey Kispert, Carlton Carrington, Kyshawn George | DEF: Larry Nance Jr., Garrison Mathews, Vít Krejčí, Jalen Johnson, Zaccharie Risacher"
ATL,False,22400103,2024-10-28,WAS,1,01:32,01:24,628,636,"OFF: Kyle Kuzma, Marvin Bagley III, Corey Kispert, Carlton Carrington, Kyshawn George | DEF: Larry Nance Jr., Garrison Mathews, Vít Krejčí, Jalen Johnson, Zaccharie Risacher"
ATL,False,22400103,2024-10-28,WAS,1,02:01,01:42,599,618,"OFF: Kyle Kuzma, Marvin Bagley III, Corey Kispert, Carlton Carrington, Kyshawn George | DEF: Larry Nance Jr., Garrison Mathews, Vít Krejčí, Jalen Johnson, Zaccharie Risacher"
ATL,False,22400103,2024-10-28,WAS,1,02:31,02:15,569,585,"OFF: Marvin Bagley III, Corey Kispert, Bilal Coulibaly, Carlton Carrington, Kyshawn George | DEF: Larry Nance Jr., Trae Young, Vít Krejčí, Jalen Johnson, Dyson Daniels"
ATL,False,22400103,2024-10-28,WAS,1,02:55,02:40,545,560,"OFF: Marvin Bagley III, Corey Kispert, Bilal Coulibaly, Carlton Carrington, Kyshawn George | DEF: Larry Nance Jr., Trae Young, Vít Krejčí, Jalen Johnson, Dyson Daniels"
ATL,False,22400103,2024-10-28,WAS,1,03:19,03:03,521,537,"OFF: Marvin Bagley III, Corey Kispert, Bilal Coulibaly, Carlton Carrington, Kyshawn George | DEF: Larry Nance Jr., Trae Young, Vít Krejčí, Jalen Johnson, Dyson Daniels"
ATL,False,22400103,2024-10-28,WAS,1,03:32,03:30,508,510,"OFF: Marvin Bagley III, Corey Kispert, Bilal Coulibaly, Carlton Carrington, Kyshawn George | DEF: Larry Nance Jr., Trae Young, Vít Krejčí, Jalen Johnson, Dyson Daniels"
ATL,False,22400103,2024-10-28,WAS,1,04:14,03:52,466,488,"OFF: Jonas Valančiūnas, Kyle Kuzma, Jordan Poole, Corey Kispert, Bilal Coulibaly | DEF: Larry Nance Jr., Trae Young, Vít Krejčí, Dyson Daniels, David Roddy"
ATL,False,22400103,2024-10-28,WAS,1,04:41,04:23,439,457,"OFF: Jonas Valančiūnas, Kyle Kuzma, Jordan Poole, Corey Kispert, Bilal Coulibaly | DEF: Larry Nance Jr., Trae Young, Vít Krejčí, Dyson Daniels, David Roddy"
ATL,False,22400103,2024-10-28,WAS,1,05:10,04:58,410,422,"OFF: Jonas Valančiūnas, Kyle Kuzma, Jordan Poole, Corey Kispert, Bilal Coulibaly | DEF: Larry Nance Jr., Trae Young, Vít Krejčí, Dyson Daniels, David Roddy"
ATL,False,22400103,2024-10-28,WAS,1,05:40,05:26,380,394,"OFF: Jonas Valančiūnas, Kyle Kuzma, Jordan Poole, Corey Kispert, Bilal Coulibaly | DEF: Larry Nance Jr., Trae Young, Vít Krejčí, Dyson Daniels, David Roddy"
ATL,False,22400103,2024-10-28,WAS,1,06:11,05:55,349,365,"OFF: Jonas Valančiūnas, Kyle Kuzma, Jordan Poole, Corey Kispert, Bilal Coulibaly | DEF: Clint Capela, Trae Young, Dyson Daniels, David Roddy, Zaccharie Risacher"
ATL,False,22400103,2024-10-28,WAS,1,06:26,06:22,334,338,"OFF: Jonas Valančiūnas, Kyle Kuzma, Jordan Poole, Corey Kispert, Bilal Coulibaly | DEF: Clint Capela, Trae Young, Dyson Daniels, David Roddy, Zaccharie Risacher"
ATL,False,22400103,2024-10-28,WAS,1,07:02,06:41,298,319,"OFF: Jonas Valančiūnas, Kyle Kuzma, Jordan Poole, Corey Kispert, Bilal Coulibaly | DEF: Clint Capela, Trae Young, Dyson Daniels, David Roddy, Zaccharie Risacher"
ATL,False,22400103,2024-10-28,WAS,1,07:30,07:14,270,286,"OFF: Jonas Valančiūnas, Kyle Kuzma, Jordan Poole, Bilal Coulibaly, Alexandre Sarr | DEF: Clint Capela, Trae Young, Jalen Johnson, Dyson Daniels, Zaccharie Risacher"
ATL,False,22400103,2024-10-28,WAS,1,07:47,07:34,253,266,"OFF: Jonas Valančiūnas, Kyle Kuzma, Jordan Poole, Bilal Coulibaly, Alexandre Sarr | DEF: Clint Capela, Trae Young, Jalen Johnson, Dyson Daniels, Zaccharie Risacher"
ATL,False,22400103,2024-10-28,WAS,1,08:20,08:04,220,236,"OFF: Jonas Valančiūnas, Kyle Kuzma, Jordan Poole, Bilal Coulibaly, Alexandre Sarr | DEF: Clint Capela, Trae Young, Jalen Johnson, Dyson Daniels, Zaccharie Risacher"
ATL,False,22400103,2024-10-28,WAS,1,08:43,08:25,197,215,"OFF: Jonas Valančiūnas, Kyle Kuzma, Jordan Poole, Bilal Coulibaly, Alexandre Sarr | DEF: Clint Capela, Trae Young, Jalen Johnson, Dyson Daniels, Zaccharie Risacher"
ATL,False,22400103,2024-10-28,WAS,1,09:01,08:45,179,195,"OFF: Jonas Valančiūnas, Kyle Kuzma, Jordan Poole, Bilal Coulibaly, Alexandre Sarr | DEF: Clint Capela, Trae Young, Jalen Johnson, Dyson Daniels, Zaccharie Risacher"
ATL,False,22400103,2024-10-28,WAS,1,09:38,09:11,142,169,"OFF: Jonas Valančiūnas, Kyle Kuzma, Jordan Poole, Bilal Coulibaly, Alexandre Sarr | DEF: Clint Capela, Trae Young, Jalen Johnson, Dyson Daniels, Zaccharie Risacher"
ATL,False,22400103,2024-10-28,WAS,1,10:06,09:47,114,133,"OFF: Jonas Valančiūnas, Kyle Kuzma, Jordan Poole, Bilal Coulibaly, Alexandre Sarr | DEF: Clint Capela, Trae Young, Jalen Johnson, Dyson Daniels, Zaccharie Risacher"
ATL,False,22400103,2024-10-28,WAS,1,10:27,10:11,93,109,"OFF: Jonas Valančiūnas, Kyle Kuzma, Jordan Poole, Bilal Coulibaly, Alexandre Sarr | DEF: Clint Capela, Trae Young, Jalen Johnson, Dyson Daniels, Zaccharie Risacher"
ATL,False,22400103,2024-10-28,WAS,1,11:01,10:33,59,87,"OFF: Jonas Valančiūnas, Kyle Kuzma, Jordan Poole, Bilal Coulibaly, Alexandre Sarr | DEF: Clint Capela, Trae Young, Jalen Johnson, Dyson Daniels, Zaccharie Risacher"
ATL,False,22400103,2024-10-28,WAS,1,11:27,11:07,33,53,"OFF: Jonas Valančiūnas, Kyle Kuzma, Jordan Poole, Bilal Coulibaly, Alexandre Sarr | DEF: Clint Capela, Trae Young, Jalen Johnson, Dyson Daniels, Zaccharie Risacher"
ATL,False,22400103,2024-10-28,WAS,1,12:00,11:48,0,12,"OFF: Jonas Valančiūnas, Kyle Kuzma, Jordan Poole, Bilal Coulibaly, Alexandre Sarr | DEF: Clint Capela, Trae Young, Jalen Johnson, Dyson Daniels, Zaccharie Risacher"
WAS,True,22400103,2024-10-28,ATL,4,00:08,00:06,2872,2874,"OFF: Jordan Poole, Corey Kispert, Bilal Coulibaly, Alexandre Sarr, Kyshawn George | DEF: Clint Capela, Trae Young, Garrison Mathews, Jalen Johnson, Dyson Daniels"
WAS,True,22400103,2024-10-28,ATL,4,00:16,00:12,2864,2868,"OFF: Jordan Poole, Corey Kispert, Bilal Coulibaly, Alexandre Sarr, Kyshawn George | DEF: Larry Nance Jr., Trae Young, Jalen Johnson, Dyson Daniels, Zaccharie Risacher"
WAS,True,22400103,2024-10-28,ATL,4,00:41,00:19,2839,2861,"OFF: Jordan Poole, Corey Kispert, Bilal Coulibaly, Alexandre Sarr, Kyshawn George | DEF: Clint Capela, Trae Young, Garrison Mathews, Jalen Johnson, Dyson Daniels"
WAS,True,22400103,2024-10-28,ATL,4,01:07,00:51,2813,2829,"OFF: Jordan Poole, Corey Kispert, Bilal Coulibaly, Alexandre Sarr, Kyshawn George | DEF: Clint Capela, Trae Young, Jalen Johnson, Dyson Daniels, Zaccharie Risacher"
WAS,True,22400103,2024-10-28,ATL,4,01:44,01:22,2776,2798,"OFF: Jordan Poole, Corey Kispert, Bilal Coulibaly, Alexandre Sarr, Kyshawn George | DEF: Clint Capela, Trae Young, Jalen Johnson, Dyson Daniels, Zaccharie Risacher"
WAS,True,22400103,2024-10-28,ATL,4,02:00,01:46,2760,2774,"OFF: Jordan Poole, Corey Kispert, Bilal Coulibaly, Alexandre Sarr, Kyshawn George | DEF: Clint Capela, Trae Young, Jalen Johnson, Dyson Daniels, Zaccharie Risacher"
WAS,True,22400103,2024-10-28,ATL,4,02:29,02:08,2731,2752,"OFF: Kyle Kuzma, Jordan Poole, Corey Kispert, Bilal Coulibaly, Alexandre Sarr | DEF: Clint Capela, Trae Young, Garrison Mathews, Jalen Johnson, Dyson Daniels"
WAS,True,22400103,2024-10-28,ATL,4,03:03,02:48,2697,2712,"OFF: Kyle Kuzma, Jordan Poole, Corey Kispert, Bilal Coulibaly, Alexandre Sarr | DEF: Clint Capela, Trae Young, Garrison Mathews, Jalen Johnson, Dyson Daniels"
WAS,True,22400103,2024-10-28,ATL,4,03:31,03:09,2669,2691,"OFF: Kyle Kuzma, Jordan Poole, Corey Kispert, Bilal Coulibaly, Alexandre Sarr | DEF: Clint Capela, Trae Young, Garrison Mathews, Jalen Johnson, Dyson Daniels"
WAS,True,22400103,2024-10-28,ATL,4,03:59,03:41,2641,2659,"OFF: Kyle Kuzma, Jordan Poole, Corey Kispert, Bilal Coulibaly, Alexandre Sarr | DEF: Clint Capela, Trae Young, Garrison Mathews, Jalen Johnson, Dyson Daniels"
WAS,True,22400103,2024-10-28,ATL,4,04:13,04:10,2627,2630,"OFF: Kyle Kuzma, Jordan Poole, Corey Kispert, Bilal Coulibaly, Alexandre Sarr | DEF: Clint Capela, Trae Young, Garrison Mathews, Jalen Johnson, Dyson Daniels"
WAS,True,22400103,2024-10-28,ATL,4,04:36,04:22,2604,2618,"OFF: Kyle Kuzma, Jordan Poole, Corey Kispert, Bilal Coulibaly, Alexandre Sarr | DEF: Clint Capela, Trae Young, Garrison Mathews, Jalen Johnson, Dyson Daniels"
WAS,True,22400103,2024-10-28,ATL,4,05:13,04:54,2567,2586,"OFF: Kyle Kuzma, Jordan Poole, Corey Kispert, Bilal Coulibaly, Alexandre Sarr | DEF: Clint Capela, Trae Young, Garrison Mathews, Jalen Johnson, Dyson Daniels"
WAS,True,22400103,2024-10-28,ATL,4,05:33,05:26,2547,2554,"OFF: Kyle Kuzma, Jordan Poole, Corey Kispert, Bilal Coulibaly, Alexandre Sarr | DEF: Clint Capela, Trae Young, Garrison Mathews, Jalen Johnson, Dyson Daniels"
WAS,True,22400103,2024-10-28,ATL,4,06:12,05:55,2508,2525,"OFF: Kyle Kuzma, Jordan Poole, Corey Kispert, Bilal Coulibaly, Alexandre Sarr | DEF: Clint Capela, Trae Young, Jalen Johnson, Dyson Daniels, David Roddy"
WAS,True,22400103,2024-10-28,ATL,4,06:48,06:26,2472,2494,"OFF: Jordan Poole, Corey Kispert, Bilal Coulibaly, Alexandre Sarr, Kyshawn George | DEF: Clint Capela, Trae Young, Jalen Johnson, Dyson Daniels, David Roddy"
WAS,True,22400103,2024-10-28,ATL,4,07:12,07:00,2448,2460,"OFF: Jordan Poole, Corey Kispert, Bilal Coulibaly, Alexandre Sarr, Kyshawn George | DEF: Clint Capela, Trae Young, Jalen Johnson, Dyson Daniels, David Roddy"
WAS,True,22400103,2024-10-28,ATL,4,07:40,07:25,2420,2435,"OFF: Jonas Valančiūnas, Jordan Poole, Corey Kispert, Bilal Coulibaly, Kyshawn George | DEF: Larry Nance Jr., Trae Young, Jalen Johnson, Dyson Daniels, David Roddy"
WAS,True,22400103,2024-10-28,ATL,4,08:30,08:05,2370,2395,"OFF: Jonas Valančiūnas, Kyle Kuzma, Corey Kispert, Carlton Carrington, Kyshawn George | DEF: Larry Nance Jr., Garrison Mathews, Jalen Johnson, Dyson Daniels, David Roddy"
WAS,True,22400103,2024-10-28,ATL,4,08:56,08:42,2344,2358,"OFF: Jonas Valančiūnas, Kyle Kuzma, Corey Kispert, Carlton Carrington, Kyshawn George | DEF: Larry Nance Jr., Garrison Mathews, Jalen Johnson, Dyson Daniels, David Roddy"
WAS,True,22400103,2024-10-28,ATL,4,09:22,09:13,2318,2327,"OFF: Jonas Valančiūnas, Kyle Kuzma, Corey Kispert, Carlton Carrington, Kyshawn George | DEF: Larry Nance Jr., Garrison Mathews, Jalen Johnson, Dyson Daniels, David Roddy"
WAS,True,22400103,2024-10-28,ATL,4,09:28,09:27,2312,2313,"OFF: Jonas Valančiūnas, Kyle Kuzma, Corey Kispert, Carlton Carrington, Kyshawn George | DEF: Larry Nance Jr., Garrison Mathews, Jalen Johnson, Dyson Daniels, David Roddy"
WAS,True,22400103,2024-10-28,ATL,4,10:10,09:49,2270,2291,"OFF: Jonas Valančiūnas, Kyle Kuzma, Corey Kispert, Carlton Carrington, Kyshawn George | DEF: Larry Nance Jr., Garrison Mathews, Jalen Johnson, Dyson Daniels, David Roddy"
WAS,True,22400103,2024-10-28,ATL,4,10:46,10:29,2234,2251,"OFF: Jonas Valančiūnas, Kyle Kuzma, Corey Kispert, Carlton Carrington, Kyshawn George | DEF: Larry Nance Jr., Garrison Mathews, Jalen Johnson, Dyson Daniels, Zaccharie Risacher"
WAS,True,22400103,2024-10-28,ATL,4,11:16,11:04,2204,2216,"OFF: Jonas Valančiūnas, Kyle Kuzma, Corey Kispert, Carlton Carrington, Kyshawn George | DEF: Larry Nance Jr., Garrison Mathews, Jalen Johnson, Dyson Daniels, Zaccharie Risacher"
WAS,True,22400103,2024-10-28,ATL,4,12:00,11:37,2160,2183,"OFF: Jonas Valančiūnas, Kyle Kuzma, Corey Kispert, Carlton Carrington, Kyshawn George | DEF: Larry Nance Jr., Garrison Mathews, Jalen Johnson, Dyson Daniels, Zaccharie Risacher"
WAS,True,22400103,2024-10-28,ATL,3,00:24,00:03,2136,2157,"OFF: Jonas Valančiūnas, Kyle Kuzma, Corey Kispert, Carlton Carrington, Kyshawn George | DEF: Larry Nance Jr., Garrison Mathews, Jalen Johnson, Keaton Wallace, David Roddy"
WAS,True,22400103,2024-10-28,ATL,3,00:55,00:44,2105,2116,"OFF: Jonas Valančiūnas, Kyle Kuzma, Corey Kispert, Carlton Carrington, Kyshawn George | DEF: Larry Nance Jr., Garrison Mathews, Jalen Johnson, Keaton Wallace, David Roddy"
WAS,True,22400103,2024-10-28,ATL,3,01:13,00:56,2087,2104,"OFF: Jonas Valančiūnas, Corey Kispert, Bilal Coulibaly, Carlton Carrington, Kyshawn George | DEF: Larry Nance Jr., Garrison Mathews, Jalen Johnson, Keaton Wallace, David Roddy"
WAS,True,22400103,2024-10-28,ATL,3,01:48,01:25,2052,2075,"OFF: Jonas Valančiūnas, Corey Kispert, Bilal Coulibaly, Carlton Carrington, Kyshawn George | DEF: Larry Nance Jr., Garrison Mathews, Jalen Johnson, Keaton Wallace, David Roddy"
WAS,True,22400103,2024-10-28,ATL,3,02:25,02:04,2015,2036,"OFF: Jonas Valančiūnas, Corey Kispert, Bilal Coulibaly, Carlton Carrington, Kyshawn George | DEF: Larry Nance Jr., Trae Young, Garrison Mathews, Jalen Johnson, David Roddy"
WAS,True,22400103,2024-10-28,ATL,3,02:47,02:37,1993,2003,"OFF: Jonas Valančiūnas, Corey Kispert, Bilal Coulibaly, Carlton Carrington, Kyshawn George | DEF: Larry Nance Jr., Trae Young, Garrison Mathews, Jalen Johnson, David Roddy"
WAS,True,22400103,2024-10-28,ATL,3,03:11,02:58,1969,1982,"OFF: Jonas Valančiūnas, Kyle Kuzma, Corey Kispert, Bilal Coulibaly, Carlton Carrington | DEF: Larry Nance Jr., Trae Young, Garrison Mathews, Jalen Johnson, David Roddy"
WAS,True,22400103,2024-10-28,ATL,3,03:33,03:25,1947,1955,"OFF: Kyle Kuzma, Jordan Poole, Corey Kispert, Bilal Coulibaly, Alexandre Sarr | DEF: Larry Nance Jr., Trae Young, Garrison Mathews, Dyson Daniels, David Roddy"
WAS,True,22400103,2024-10-28,ATL,3,04:02,03:46,1918,1934,"OFF: Kyle Kuzma, Jordan Poole, Corey Kispert, Bilal Coulibaly, Alexandre Sarr | DEF: Larry Nance Jr., Trae Young, Garrison Mathews, Dyson Daniels, David Roddy"
WAS,True,22400103,2024-10-28,ATL,3,04:23,04:17,1897,1903,"OFF: Kyle Kuzma, Jordan Poole, Corey Kispert, Bilal Coulibaly, Alexandre Sarr | DEF: Larry Nance Jr., Trae Young, Garrison Mathews, Dyson Daniels, David Roddy"
WAS,True,22400103,2024-10-28,ATL,3,05:04,04:45,1856,1875,"OFF: Kyle Kuzma, Jordan Poole, Corey Kispert, Bilal Coulibaly, Alexandre Sarr | DEF: Larry Nance Jr., Trae Young, Garrison Mathews, Dyson Daniels, David Roddy"
WAS,True,22400103,2024-10-28,ATL,3,05:34,05:30,1826,1830,"OFF: Kyle Kuzma, Jordan Poole, Corey Kispert, Bilal Coulibaly, Alexandre Sarr | DEF: Larry Nance Jr., Trae Young, Garrison Mathews, Dyson Daniels, David Roddy"
WAS,True,22400103,2024-10-28,ATL,3,06:03,05:46,1797,1814,"OFF: Kyle Kuzma, Jordan Poole, Corey Kispert, Bilal Coulibaly, Alexandre Sarr | DEF: Larry Nance Jr., Trae Young, Garrison Mathews, Dyson Daniels, David Roddy"
WAS,True,22400103,2024-10-28,ATL,3,06:15,06:07,1785,1793,"OFF: Kyle Kuzma, Jordan Poole, Bilal Coulibaly, Alexandre Sarr, Carlton Carrington | DEF: Clint Capela, Trae Young, Garrison Mathews, Jalen Johnson, Dyson Daniels"
WAS,True,22400103,2024-10-28,ATL,3,06:41,06:18,1759,1782,"OFF: Kyle Kuzma, Jordan Poole, Bilal Coulibaly, Alexandre Sarr, Carlton Carrington | DEF: Clint Capela, Trae Young, Garrison Mathews, Jalen Johnson, Dyson Daniels"
WAS,True,22400103,2024-10-28,ATL,3,06:56,06:51,1744,1749,"OFF: Kyle Kuzma, Jordan Poole, Bilal Coulibaly, Alexandre Sarr, Carlton Carrington | DEF: Clint Capela, Trae Young, Garrison Mathews, Jalen Johnson, Dyson Daniels"
WAS,True,22400103,2024-10-28,ATL,3,07:24,07:07,1716,1733,"OFF: Kyle Kuzma, Jordan Poole, Bilal Coulibaly, Alexandre Sarr, Carlton Carrington | DEF: Clint Capela, Trae Young, Jalen Johnson, Dyson Daniels, Zaccharie Risacher"
WAS,True,22400103,2024-10-28,ATL,3,08:14,07:57,1666,1683,"OFF: Kyle Kuzma, Jordan Poole, Bilal Coulibaly, Alexandre Sarr, Carlton Carrington | DEF: Clint Capela, Trae Young, Jalen Johnson, Dyson Daniels, Zaccharie Risacher"
WAS,True,22400103,2024-10-28,ATL,3,08:34,08:26,1646,1654,"OFF: Kyle Kuzma, Jordan Poole, Bilal Coulibaly, Alexandre Sarr, Carlton Carrington | DEF: Clint Capela, Trae Young, Jalen Johnson, Dyson Daniels, Zaccharie Risacher"
WAS,True,22400103,2024-10-28,ATL,3,09:06,09:01,1614,1619,"OFF: Kyle Kuzma, Jordan Poole, Bilal Coulibaly, Alexandre Sarr, Carlton Carrington | DEF: Clint Capela, Trae Young, Jalen Johnson, Dyson Daniels, Zaccharie Risacher"
WAS,True,22400103,2024-10-28,ATL,3,09:41,09:27,1579,1593,"OFF: Kyle Kuzma, Jordan Poole, Bilal Coulibaly, Alexandre Sarr, Carlton Carrington | DEF: Clint Capela, Trae Young, Jalen Johnson, Dyson Daniels, Zaccharie Risacher"
WAS,True,22400103,2024-10-28,ATL,3,09:53,09:50,1567,1570,"OFF: Kyle Kuzma, Jordan Poole, Bilal Coulibaly, Alexandre Sarr, Carlton Carrington | DEF: Clint Capela, Trae Young, Jalen Johnson, Dyson Daniels, Zaccharie Risacher"
WAS,True,22400103,2024-10-28,ATL,3,10:27,10:09,1533,1551,"OFF: Kyle Kuzma, Jordan Poole, Bilal Coulibaly, Alexandre Sarr, Carlton Carrington | DEF: Clint Capela, Trae Young, Jalen Johnson, Dyson Daniels, Zaccharie Risacher"
WAS,True,22400103,2024-10-28,ATL,3,10:47,10:33,1513,1527,"OFF: Kyle Kuzma, Jordan Poole, Bilal Coulibaly, Alexandre Sarr, Carlton Carrington | DEF: Clint Capela, Trae Young, Jalen Johnson, Dyson Daniels, Zaccharie Risacher"
WAS,True,22400103,2024-10-28,ATL,3,11:10,11:02,1490,1498,"OFF: Kyle Kuzma, Jordan Poole, Bilal Coulibaly, Alexandre Sarr, Carlton Carrington | DEF: Clint Capela, Trae Young, Jalen Johnson, Dyson Daniels, Zaccharie Risacher"
WAS,True,22400103,2024-10-28,ATL,3,11:38,11:21,1462,1479,"OFF: Kyle Kuzma, Jordan Poole, Bilal Coulibaly, Alexandre Sarr, Carlton Carrington | DEF: Clint Capela, Trae Young, Jalen Johnson, Dyson Daniels, Zaccharie Risacher"
WAS,True,22400103,2024-10-28,ATL,2,00:17,00:01,1423,1439,"OFF: Jonas Valančiūnas, Kyle Kuzma, Jordan Poole, Bilal Coulibaly, Kyshawn George | DEF: Clint Capela, Trae Young, Jalen Johnson, Dyson Daniels, Zaccharie Risacher"
WAS,True,22400103,2024-10-28,ATL,2,00:30,00:19,1410,1421,"OFF: Jonas Valančiūnas, Kyle Kuzma, Jordan Poole, Bilal Coulibaly, Kyshawn George | DEF: Clint Capela, Trae Young, Jalen Johnson, Dyson Daniels, Zaccharie Risacher"
WAS,True,22400103,2024-10-28,ATL,2,01:08,00:50,1372,1390,"OFF: Jonas Valančiūnas, Kyle Kuzma, Jordan Poole, Bilal Coulibaly, Kyshawn George | DEF: Clint Capela, Trae Young, Jalen Johnson, Dyson Daniels, Zaccharie Risacher"
WAS,True,22400103,2024-10-28,ATL,2,01:40,01:30,1340,1350,"OFF: Jonas Valančiūnas, Kyle Kuzma, Jordan Poole, Bilal Coulibaly, Kyshawn George | DEF: Clint Capela, Trae Young, Jalen Johnson, Dyson Daniels, Zaccharie Risacher"
WAS,True,22400103,2024-10-28,ATL,2,02:14,01:53,1306,1327,"OFF: Jonas Valančiūnas, Kyle Kuzma, Jordan Poole, Bilal Coulibaly, Kyshawn George | DEF: Clint Capela, Trae Young, Jalen Johnson, Dyson Daniels, Zaccharie Risacher"
WAS,True,22400103,2024-10-28,ATL,2,02:50,02:30,1270,1290,"OFF: Jonas Valančiūnas, Kyle Kuzma, Jordan Poole, Corey Kispert, Bilal Coulibaly | DEF: Clint Capela, Trae Young, Jalen Johnson, Dyson Daniels, Zaccharie Risacher"
WAS,True,22400103,2024-10-28,ATL,2,03:11,02:59,1249,1261,"OFF: Jonas Valančiūnas, Kyle Kuzma, Jordan Poole, Corey Kispert, Bilal Coulibaly | DEF: Clint Capela, Trae Young, Jalen Johnson, Dyson Daniels, David Roddy"
WAS,True,22400103,2024-10-28,ATL,2,03:29,03:23,1231,1237,"OFF: Jonas Valančiūnas, Kyle Kuzma, Jordan Poole, Corey Kispert, Bilal Coulibaly | DEF: Clint Capela, Trae Young, Jalen Johnson, Dyson Daniels, David Roddy"
WAS,True,22400103,2024-10-28,ATL,2,03:55,03:38,1205,1222,"OFF: Jonas Valančiūnas, Kyle Kuzma, Jordan Poole, Corey Kispert, Bilal Coulibaly | DEF: Clint Capela, Trae Young, Jalen Johnson, Dyson Daniels, David Roddy"
WAS,True,22400103,2024-10-28,ATL,2,04:26,04:12,1174,1188,"OFF: Jonas Valančiūnas, Kyle Kuzma, Jordan Poole, Corey Kispert, Bilal Coulibaly | DEF: Clint Capela, Trae Young, Jalen Johnson, Dyson Daniels, David Roddy"
WAS,True,22400103,2024-10-28,ATL,2,04:49,04:32,1151,1168,"OFF: Jonas Valančiūnas, Kyle Kuzma, Jordan Poole, Corey Kispert, Bilal Coulibaly | DEF: Clint Capela, Trae Young, Jalen Johnson, Dyson Daniels, David Roddy"
WAS,True,22400103,2024-10-28,ATL,2,05:24,05:04,1116,1136,"OFF: Jonas Valančiūnas, Kyle Kuzma, Jordan Poole, Corey Kispert, Bilal Coulibaly | DEF: Clint Capela, Trae Young, Jalen Johnson, Dyson Daniels, David Roddy"
WAS,True,22400103,2024-10-28,ATL,2,06:06,05:38,1074,1102,"OFF: Kyle Kuzma, Jordan Poole, Corey Kispert, Bilal Coulibaly, Alexandre Sarr | DEF: Larry Nance Jr., Trae Young, Garrison Mathews, David Roddy, Zaccharie Risacher"
WAS,True,22400103,2024-10-28,ATL,2,06:27,06:17,1053,1063,"OFF: Kyle Kuzma, Jordan Poole, Corey Kispert, Bilal Coulibaly, Alexandre Sarr | DEF: Larry Nance Jr., Trae Young, Garrison Mathews, David Roddy, Zaccharie Risacher"
WAS,True,22400103,2024-10-28,ATL,2,06:52,06:43,1028,1037,"OFF: Kyle Kuzma, Jordan Poole, Corey Kispert, Bilal Coulibaly, Alexandre Sarr | DEF: Larry Nance Jr., Trae Young, Garrison Mathews, David Roddy, Zaccharie Risacher"
WAS,True,22400103,2024-10-28,ATL,2,07:40,07:17,980,1003,"OFF: Kyle Kuzma, Jordan Poole, Corey Kispert, Alexandre Sarr, Kyshawn George | DEF: Larry Nance Jr., Trae Young, Garrison Mathews, David Roddy, Zaccharie Risacher"
WAS,True,22400103,2024-10-28,ATL,2,08:01,07:52,959,968,"OFF: Kyle Kuzma, Corey Kispert, Alexandre Sarr, Carlton Carrington, Kyshawn George | DEF: Larry Nance Jr., Garrison Mathews, Vít Krejčí, David Roddy, Zaccharie Risacher"
WAS,True,22400103,2024-10-28,ATL,2,08:36,08:21,924,939,"OFF: Kyle Kuzma, Corey Kispert, Alexandre Sarr, Carlton Carrington, Kyshawn George | DEF: Larry Nance Jr., Garrison Mathews, Vít Krejčí, David Roddy, Zaccharie Risacher"
WAS,True,22400103,2024-10-28,ATL,2,08:51,08:38,909,922,"OFF: Kyle Kuzma, Corey Kispert, Alexandre Sarr, Carlton Carrington, Kyshawn George | DEF: Larry Nance Jr., Garrison Mathews, Vít Krejčí, Jalen Johnson, Zaccharie Risacher"
WAS,True,22400103,2024-10-28,ATL,2,09:47,09:21,853,879,"OFF: Kyle Kuzma, Corey Kispert, Alexandre Sarr, Carlton Carrington, Kyshawn George | DEF: Larry Nance Jr., Garrison Mathews, Vít Krejčí, Jalen Johnson, Zaccharie Risacher"
WAS,True,22400103,2024-10-28,ATL,2,10:10,09:58,830,842,"OFF: Kyle Kuzma, Corey Kispert, Alexandre Sarr, Carlton Carrington, Kyshawn George | DEF: Larry Nance Jr., Garrison Mathews, Vít Krejčí, Jalen Johnson, Zaccharie Risacher"
WAS,True,22400103,2024-10-28,ATL,2,10:38,10:28,802,812,"OFF: Kyle Kuzma, Corey Kispert, Alexandre Sarr, Carlton Carrington, Kyshawn George | DEF: Larry Nance Jr., Garrison Mathews, Vít Krejčí, Jalen Johnson, Zaccharie Risacher"
WAS,True,22400103,2024-10-28,ATL,2,11:05,10:46,775,794,"OFF: Kyle Kuzma, Corey Kispert, Alexandre Sarr, Carlton Carrington, Kyshawn George | DEF: Larry Nance Jr., Garrison Mathews, Vít Krejčí, Jalen Johnson, Zaccharie Risacher"
WAS,True,22400103,2024-10-28,ATL,2,11:35,11:24,745,756,"OFF: Kyle Kuzma, Corey Kispert, Alexandre Sarr, Carlton Carrington, Kyshawn George | DEF: Larry Nance Jr., Garrison Mathews, Vít Krejčí, Jalen Johnson, Zaccharie Risacher"
WAS,True,22400103,2024-10-28,ATL,2,11:51,11:44,729,736,"OFF: Kyle Kuzma, Corey Kispert, Alexandre Sarr, Carlton Carrington, Kyshawn George | DEF: Larry Nance Jr., Garrison Mathews, Vít Krejčí, Jalen Johnson, Zaccharie Risacher"
WAS,True,22400103,2024-10-28,ATL,1,00:29,00:16,691,704,"OFF: Kyle Kuzma, Marvin Bagley III, Corey Kispert, Carlton Carrington, Kyshawn George | DEF: Larry Nance Jr., Garrison Mathews, Vít Krejčí, Jalen Johnson, Zaccharie Risacher"
WAS,True,22400103,2024-10-28,ATL,1,00:49,00:43,671,677,"OFF: Kyle Kuzma, Marvin Bagley III, Corey Kispert, Carlton Carrington, Kyshawn George | DEF: Larry Nance Jr., Garrison Mathews, Vít Krejčí, Jalen Johnson, Zaccharie Risacher"
WAS,True,22400103,2024-10-28,ATL,1,01:21,01:01,639,659,"OFF: Kyle Kuzma, Marvin Bagley III, Corey Kispert, Carlton Carrington, Kyshawn George | DEF: Larry Nance Jr., Garrison Mathews, Vít Krejčí, Jalen Johnson, Zaccharie Risacher"
WAS,True,22400103,2024-10-28,ATL,1,01:32,01:24,628,636,"OFF: Kyle Kuzma, Marvin Bagley III, Corey Kispert, Carlton Carrington, Kyshawn George | DEF: Larry Nance Jr., Garrison Mathews, Vít Krejčí, Jalen Johnson, Zaccharie Risacher"
WAS,True,22400103,2024-10-28,ATL,1,02:01,01:42,599,618,"OFF: Kyle Kuzma, Marvin Bagley III, Corey Kispert, Carlton Carrington, Kyshawn George | DEF: Larry Nance Jr., Garrison Mathews, Vít Krejčí, Jalen Johnson, Zaccharie Risacher"
WAS,True,22400103,2024-10-28,ATL,1,02:31,02:15,569,585,"OFF: Marvin Bagley III, Corey Kispert, Bilal Coulibaly, Carlton Carrington, Kyshawn George | DEF: Larry Nance Jr., Trae Young, Vít Krejčí, Jalen Johnson, Dyson Daniels"
WAS,True,22400103,2024-10-28,ATL,1,02:55,02:40,545,560,"OFF: Marvin Bagley III, Corey Kispert, Bilal Coulibaly, Carlton Carrington, Kyshawn George | DEF: Larry Nance Jr., Trae Young, Vít Krejčí, Jalen Johnson, Dyson Daniels"
WAS,True,22400103,2024-10-28,ATL,1,03:19,03:03,521,537,"OFF: Marvin Bagley III, Corey Kispert, Bilal Coulibaly, Carlton Carrington, Kyshawn George | DEF: Larry Nance Jr., Trae Young, Vít Krejčí, Jalen Johnson, Dyson Daniels"
WAS,True,22400103,2024-10-28,ATL,1,03:32,03:30,508,510,"OFF: Marvin Bagley III, Corey Kispert, Bilal Coulibaly, Carlton Carrington, Kyshawn George | DEF: Larry Nance Jr., Trae Young, Vít Krejčí, Jalen Johnson, Dyson Daniels"
WAS,True,22400103,2024-10-28,ATL,1,04:14,03:52,466,488,"OFF: Jonas Valančiūnas, Kyle Kuzma, Jordan Poole, Corey Kispert, Bilal Coulibaly | DEF: Larry Nance Jr., Trae Young, Vít Krejčí, Dyson Daniels, David Roddy"
WAS,True,22400103,2024-10-28,ATL,1,04:41,04:23,439,457,"OFF: Jonas Valančiūnas, Kyle Kuzma, Jordan Poole, Corey Kispert, Bilal Coulibaly | DEF: Larry Nance Jr., Trae Young, Vít Krejčí, Dyson Daniels, David Roddy"
WAS,True,22400103,2024-10-28,ATL,1,05:10,04:58,410,422,"OFF: Jonas Valančiūnas, Kyle Kuzma, Jordan Poole, Corey Kispert, Bilal Coulibaly | DEF: Larry Nance Jr., Trae Young, Vít Krejčí, Dyson Daniels, David Roddy"
WAS,True,22400103,2024-10-28,ATL,1,05:40,05:26,380,394,"OFF: Jonas Valančiūnas, Kyle Kuzma, Jordan Poole, Corey Kispert, Bilal Coulibaly | DEF: Larry Nance Jr., Trae Young, Vít Krejčí, Dyson Daniels, David Roddy"
WAS,True,22400103,2024-10-28,ATL,1,06:11,05:55,349,365,"OFF: Jonas Valančiūnas, Kyle Kuzma, Jordan Poole, Corey Kispert, Bilal Coulibaly | DEF: Clint Capela, Trae Young, Dyson Daniels, David Roddy, Zaccharie Risacher"
WAS,True,22400103,2024-10-28,ATL,1,06:26,06:22,334,338,"OFF: Jonas Valančiūnas, Kyle Kuzma, Jordan Poole, Corey Kispert, Bilal Coulibaly | DEF: Clint Capela, Trae Young, Dyson Daniels, David Roddy, Zaccharie Risacher"
WAS,True,22400103,2024-10-28,ATL,1,07:02,06:41,298,319,"OFF: Jonas Valančiūnas, Kyle Kuzma, Jordan Poole, Corey Kispert, Bilal Coulibaly | DEF: Clint Capela, Trae Young, Dyson Daniels, David Roddy, Zaccharie Risacher"
WAS,True,22400103,2024-10-28,ATL,1,07:30,07:14,270,286,"OFF: Jonas Valančiūnas, Kyle Kuzma, Jordan Poole, Bilal Coulibaly, Alexandre Sarr | DEF: Clint Capela, Trae Young, Jalen Johnson, Dyson Daniels, Zaccharie Risacher"
WAS,True,22400103,2024-10-28,ATL,1,07:47,07:34,253,266,"OFF: Jonas Valančiūnas, Kyle Kuzma, Jordan Poole, Bilal Coulibaly, Alexandre Sarr | DEF: Clint Capela, Trae Young, Jalen Johnson, Dyson Daniels, Zaccharie Risacher"
WAS,True,22400103,2024-10-28,ATL,1,08:20,08:04,220,236,"OFF: Jonas Valančiūnas, Kyle Kuzma, Jordan Poole, Bilal Coulibaly, Alexandre Sarr | DEF: Clint Capela, Trae Young, Jalen Johnson, Dyson Daniels, Zaccharie Risacher"
WAS,True,22400103,2024-10-28,ATL,1,08:43,08:25,197,215,"OFF: Jonas Valančiūnas, Kyle Kuzma, Jordan Poole, Bilal Coulibaly, Alexandre Sarr | DEF: Clint Capela, Trae Young, Jalen Johnson, Dyson Daniels, Zaccharie Risacher"
WAS,True,22400103,2024-10-28,ATL,1,09:01,08:45,179,195,"OFF: Jonas Valančiūnas, Kyle Kuzma, Jordan Poole, Bilal Coulibaly, Alexandre Sarr | DEF: Clint Capela, Trae Young, Jalen Johnson, Dyson Daniels, Zaccharie Risacher"
WAS,True,22400103,2024-10-28,ATL,1,09:38,09:11,142,169,"OFF: Jonas Valančiūnas, Kyle Kuzma, Jordan Poole, Bilal Coulibaly, Alexandre Sarr | DEF: Clint Capela, Trae Young, Jalen Johnson, Dyson Daniels, Zaccharie Risacher"
WAS,True,22400103,2024-10-28,ATL,1,10:06,09:47,114,133,"OFF: Jonas Valančiūnas, Kyle Kuzma, Jordan Poole, Bilal Coulibaly, Alexandre Sarr | DEF: Clint Capela, Trae Young, Jalen Johnson, Dyson Daniels, Zaccharie Risacher"
WAS,True,22400103,2024-10-28,ATL,1,10:27,10:11,93,109,"OFF: Jonas Valančiūnas, Kyle Kuzma, Jordan Poole, Bilal Coulibaly, Alexandre Sarr | DEF: Clint Capela, Trae Young, Jalen Johnson, Dyson Daniels, Zaccharie Risacher"
WAS,True,22400103,2024-10-28,ATL,1,11:01,10:33,59,87,"OFF: Jonas Valančiūnas, Kyle Kuzma, Jordan Poole, Bilal Coulibaly, Alexandre Sarr | DEF: Clint Capela, Trae Young, Jalen Johnson, Dyson Daniels, Zaccharie Risacher"
WAS,True,22400103,2024-10-28,ATL,1,11:27,11:07,33,53,"OFF: Jonas Valančiūnas, Kyle Kuzma, Jordan Poole, Bilal Coulibaly, Alexandre Sarr | DEF: Clint Capela, Trae Young, Jalen Johnson, Dyson Daniels, Zaccharie Risacher"
WAS,True,22400103,2024-10-28,ATL,1,12:00,11:48,0,12,"OFF: Jonas Valančiūnas, Kyle Kuzma, Jordan Poole, Bilal Coulibaly, Alexandre Sarr | DEF: Clint Capela, Trae Young, Jalen Johnson, Dyson Daniels, Zaccharie Risacher"
WAS,False,22400103,2024-10-28,ATL,4,00:06,00:00,2874,2880,"OFF: Clint Capela, Trae Young, Garrison Mathews, Jalen Johnson, Dyson Daniels | DEF: Jordan Poole, Corey Kispert, Bilal Coulibaly, Alexandre Sarr, Kyshawn George"
WAS,False,22400103,2024-10-28,ATL,4,00:12,00:08,2868,2872,"OFF: Clint Capela, Trae Young, Garrison Mathews, Jalen Johnson, Dyson Daniels | DEF: Jordan Poole, Corey Kispert, Bilal Coulibaly, Alexandre Sarr, Kyshawn George"
WAS,False,22400103,2024-10-28,ATL,4,00:19,00:16,2861,2864,"OFF: Clint Capela, Trae Young, Garrison Mathews, Jalen Johnson, Dyson Daniels | DEF: Jordan Poole, Corey Kispert, Bilal Coulibaly, Alexandre Sarr, Kyshawn George"
WAS,False,22400103,2024-10-28,ATL,4,00:51,00:41,2829,2839,"OFF: Clint Capela, Trae Young, Garrison Mathews, Jalen Johnson, Dyson Daniels | DEF: Jordan Poole, Corey Kispert, Bilal Coulibaly, Alexandre Sarr, Kyshawn George"
WAS,False,22400103,2024-10-28,ATL,4,01:22,01:07,2798,2813,"OFF: Clint Capela, Trae Young, Jalen Johnson, Dyson Daniels, Zaccharie Risacher | DEF: Jordan Poole, Corey Kispert, Bilal Coulibaly, Alexandre Sarr, Kyshawn George"
WAS,False,22400103,2024-10-28,ATL,4,01:46,01:44,2774,2776,"OFF: Clint Capela, Trae Young, Jalen Johnson, Dyson Daniels, Zaccharie Risacher | DEF: Jordan Poole, Corey Kispert, Bilal Coulibaly, Alexandre Sarr, Kyshawn George"
WAS,False,22400103,2024-10-28,ATL,4,02:08,02:00,2752,2760,"OFF: Clint Capela, Trae Young, Jalen Johnson, Dyson Daniels, Zaccharie Risacher | DEF: Jordan Poole, Corey Kispert, Bilal Coulibaly, Alexandre Sarr, Kyshawn George"
WAS,False,22400103,2024-10-28,ATL,4,02:48,02:29,2712,2731,"OFF: Clint Capela, Trae Young, Garrison Mathews, Jalen Johnson, Dyson Daniels | DEF: Kyle Kuzma, Jordan Poole, Corey Kispert, Bilal Coulibaly, Alexandre Sarr"
WAS,False,22400103,2024-10-28,ATL,4,03:09,03:03,2691,2697,"OFF: Clint Capela, Trae Young, Garrison Mathews, Jalen Johnson, Dyson Daniels | DEF: Kyle Kuzma, Jordan Poole, Corey Kispert, Bilal Coulibaly, Alexandre Sarr"
WAS,False,22400103,2024-10-28,ATL,4,03:41,03:31,2659,2669,"OFF: Clint Capela, Trae Young, Garrison Mathews, Jalen Johnson, Dyson Daniels | DEF: Kyle Kuzma, Jordan Poole, Corey Kispert, Bilal Coulibaly, Alexandre Sarr"
WAS,False,22400103,2024-10-28,ATL,4,04:10,03:59,2630,2641,"OFF: Clint Capela, Trae Young, Garrison Mathews, Jalen Johnson, Dyson Daniels | DEF: Kyle Kuzma, Jordan Poole, Corey Kispert, Bilal Coulibaly, Alexandre Sarr"
WAS,False,22400103,2024-10-28,ATL,4,04:22,04:13,2618,2627,"OFF: Clint Capela, Trae Young, Garrison Mathews, Jalen Johnson, Dyson Daniels | DEF: Kyle Kuzma, Jordan Poole, Corey Kispert, Bilal Coulibaly, Alexandre Sarr"
WAS,False,22400103,2024-10-28,ATL,4,04:54,04:36,2586,2604,"OFF: Clint Capela, Trae Young, Garrison Mathews, Jalen Johnson, Dyson Daniels | DEF: Kyle Kuzma, Jordan Poole, Corey Kispert, Bilal Coulibaly, Alexandre Sarr"
WAS,False,22400103,2024-10-28,ATL,4,05:26,05:13,2554,2567,"OFF: Clint Capela, Trae Young, Garrison Mathews, Jalen Johnson, Dyson Daniels | DEF: Kyle Kuzma, Jordan Poole, Corey Kispert, Bilal Coulibaly, Alexandre Sarr"
WAS,False,22400103,2024-10-28,ATL,4,05:55,05:33,2525,2547,"OFF: Clint Capela, Trae Young, Garrison Mathews, Jalen Johnson, Dyson Daniels | DEF: Kyle Kuzma, Jordan Poole, Corey Kispert, Bilal Coulibaly, Alexandre Sarr"
WAS,False,22400103,2024-10-28,ATL,4,06:26,06:12,2494,2508,"OFF: Clint Capela, Trae Young, Jalen Johnson, Dyson Daniels, David Roddy | DEF: Kyle Kuzma, Jordan Poole, Corey Kispert, Bilal Coulibaly, Alexandre Sarr"
WAS,False,22400103,2024-10-28,ATL,4,07:00,06:48,2460,2472,"OFF: Clint Capela, Trae Young, Jalen Johnson, Dyson Daniels, David Roddy | DEF: Jordan Poole, Corey Kispert, Bilal Coulibaly, Alexandre Sarr, Kyshawn George"
WAS,False,22400103,2024-10-28,ATL,4,07:25,07:12,2435,2448,"OFF: Larry Nance Jr., Trae Young, Jalen Johnson, Dyson Daniels, David Roddy | DEF: Jonas Valančiūnas, Jordan Poole, Corey Kispert, Bilal Coulibaly, Kyshawn George"
WAS,False,22400103,2024-10-28,ATL,4,08:05,07:40,2395,2420,"OFF: Larry Nance Jr., Trae Young, Jalen Johnson, Dyson Daniels, David Roddy | DEF: Jonas Valančiūnas, Jordan Poole, Corey Kispert, Bilal Coulibaly, Kyshawn George"
WAS,False,22400103,2024-10-28,ATL,4,08:42,08:30,2358,2370,"OFF: Larry Nance Jr., Garrison Mathews, Jalen Johnson, Dyson Daniels, David Roddy | DEF: Jonas Valančiūnas, Kyle Kuzma, Corey Kispert, Carlton Carrington, Kyshawn George"
WAS,False,22400103,2024-10-28,ATL,4,09:13,08:56,2327,2344,"OFF: Larry Nance Jr., Garrison Mathews, Jalen Johnson, Dyson Daniels, David Roddy | DEF: Jonas Valančiūnas, Kyle Kuzma, Corey Kispert, Carlton Carrington, Kyshawn George"
WAS,False,22400103,2024-10-28,ATL,4,09:27,09:22,2313,2318,"OFF: Larry Nance Jr., Garrison Mathews, Jalen Johnson, Dyson Daniels, David Roddy | DEF: Jonas Valančiūnas, Kyle Kuzma, Corey Kispert, Carlton Carrington, Kyshawn George"
WAS,False,22400103,2024-10-28,ATL,4,09:49,09:28,2291,2312,"OFF: Larry Nance Jr., Garrison Mathews, Jalen Johnson, Dyson Daniels, David Roddy | DEF: Jonas Valančiūnas, Kyle Kuzma, Corey Kispert, Carlton Carrington, Kyshawn George"
WAS,False,22400103,2024-10-28,ATL,4,10:29,10:10,2251,2270,"OFF: Larry Nance Jr., Garrison Mathews, Jalen Johnson, Dyson Daniels, David Roddy | DEF: Jonas Valančiūnas, Kyle Kuzma, Corey Kispert, Carlton Carrington, Kyshawn George"
WAS,False,22400103,2024-10-28,ATL,4,11:04,10:46,2216,2234,"OFF: Larry Nance Jr., Garrison Mathews, Jalen Johnson, Dyson Daniels, Zaccharie Risacher | DEF: Jonas Valančiūnas, Kyle Kuzma, Corey Kispert, Carlton Carrington, Kyshawn George"
WAS,False,22400103,2024-10-28,ATL,4,11:37,11:16,2183,2204,"OFF: Larry Nance Jr., Garrison Mathews, Jalen Johnson, Dyson Daniels, Zaccharie Risacher | DEF: Jonas Valančiūnas, Kyle Kuzma, Corey Kispert, Carlton Carrington, Kyshawn George"
WAS,False,22400103,2024-10-28,ATL,3,00:03,00:00,2157,2160,"OFF: Larry Nance Jr., Garrison Mathews, Jalen Johnson, Keaton Wallace, David Roddy | DEF: Jonas Valančiūnas, Kyle Kuzma, Corey Kispert, Carlton Carrington, Kyshawn George"
WAS,False,22400103,2024-10-28,ATL,3,00:44,00:24,2116,2136,"OFF: Larry Nance Jr., Garrison Mathews, Jalen Johnson, Keaton Wallace, David Roddy | DEF: Jonas Valančiūnas, Kyle Kuzma, Corey Kispert, Carlton Carrington, Kyshawn George"
WAS,False,22400103,2024-10-28,ATL,3,00:56,00:55,2104,2105,"OFF: Larry Nance Jr., Garrison Mathews, Jalen Johnson, Keaton Wallace, David Roddy | DEF: Jonas Valančiūnas, Kyle Kuzma, Corey Kispert, Carlton Carrington, Kyshawn George"
WAS,False,22400103,2024-10-28,ATL,3,01:25,01:13,2075,2087,"OFF: Larry Nance Jr., Garrison Mathews, Jalen Johnson, Keaton Wallace, David Roddy | DEF: Jonas Valančiūnas, Corey Kispert, Bilal Coulibaly, Carlton Carrington, Kyshawn George"
WAS,False,22400103,2024-10-28,ATL,3,02:04,01:48,2036,2052,"OFF: Larry Nance Jr., Garrison Mathews, Jalen Johnson, Keaton Wallace, David Roddy | DEF: Jonas Valančiūnas, Corey Kispert, Bilal Coulibaly, Carlton Carrington, Kyshawn George"
WAS,False,22400103,2024-10-28,ATL,3,02:37,02:25,2003,2015,"OFF: Larry Nance Jr., Trae Young, Garrison Mathews, Jalen Johnson, David Roddy | DEF: Jonas Valančiūnas, Corey Kispert, Bilal Coulibaly, Carlton Carrington, Kyshawn George"
WAS,False,22400103,2024-10-28,ATL,3,02:58,02:47,1982,1993,"OFF: Larry Nance Jr., Trae Young, Garrison Mathews, Jalen Johnson, David Roddy | DEF: Jonas Valančiūnas, Corey Kispert, Bilal Coulibaly, Carlton Carrington, Kyshawn George"
WAS,False,22400103,2024-10-28,ATL,3,03:25,03:11,1955,1969,"OFF: Larry Nance Jr., Trae Young, Garrison Mathews, Dyson Daniels, David Roddy | DEF: Jonas Valančiūnas, Kyle Kuzma, Jordan Poole, Corey Kispert, Bilal Coulibaly"
WAS,False,22400103,2024-10-28,ATL,3,03:46,03:33,1934,1947,"OFF: Larry Nance Jr., Trae Young, Garrison Mathews, Dyson Daniels, David Roddy | DEF: Kyle Kuzma, Jordan Poole, Corey Kispert, Bilal Coulibaly, Alexandre Sarr"
WAS,False,22400103,2024-10-28,ATL,3,04:17,04:02,1903,1918,"OFF: Larry Nance Jr., Trae Young, Garrison Mathews, Dyson Daniels, David Roddy | DEF: Kyle Kuzma, Jordan Poole, Corey Kispert, Bilal Coulibaly, Alexandre Sarr"
WAS,False,22400103,2024-10-28,ATL,3,04:45,04:23,1875,1897,"OFF: Larry Nance Jr., Trae Young, Garrison Mathews, Dyson Daniels, David Roddy | DEF: Kyle Kuzma, Jordan Poole, Corey Kispert, Bilal Coulibaly, Alexandre Sarr"
WAS,False,22400103,2024-10-28,ATL,3,05:30,05:04,1830,1856,"OFF: Larry Nance Jr., Trae Young, Garrison Mathews, Dyson Daniels, David Roddy | DEF: Kyle Kuzma, Jordan Poole, Corey Kispert, Bilal Coulibaly, Alexandre Sarr"
WAS,False,22400103,2024-10-28,ATL,3,05:46,05:34,1814,1826,"OFF: Larry Nance Jr., Trae Young, Garrison Mathews, Dyson Daniels, David Roddy | DEF: Kyle Kuzma, Jordan Poole, Corey Kispert, Bilal Coulibaly, Alexandre Sarr"
WAS,False,22400103,2024-10-28,ATL,3,06:07,06:03,1793,1797,"OFF: Clint Capela, Trae Young, Garrison Mathews, Jalen Johnson, Dyson Daniels | DEF: Kyle Kuzma, Jordan Poole, Bilal Coulibaly, Alexandre Sarr, Carlton Carrington"
WAS,False,22400103,2024-10-28,ATL,3,06:18,06:15,1782,1785,"OFF: Clint Capela, Trae Young, Garrison Mathews, Jalen Johnson, Dyson Daniels | DEF: Kyle Kuzma, Jordan Poole, Bilal Coulibaly, Alexandre Sarr, Carlton Carrington"
WAS,False,22400103,2024-10-28,ATL,3,06:51,06:41,1749,1759,"OFF: Clint Capela, Trae Young, Garrison Mathews, Jalen Johnson, Dyson Daniels | DEF: Kyle Kuzma, Jordan Poole, Bilal Coulibaly, Alexandre Sarr, Carlton Carrington"
WAS,False,22400103,2024-10-28,ATL,3,07:07,06:56,1733,1744,"OFF: Clint Capela, Trae Young, Garrison Mathews, Jalen Johnson, Dyson Daniels | DEF: Kyle Kuzma, Jordan Poole, Bilal Coulibaly, Alexandre Sarr, Carlton Carrington"
WAS,False,22400103,2024-10-28,ATL,3,07:57,07:24,1683,1716,"OFF: Clint Capela, Trae Young, Jalen Johnson, Dyson Daniels, Zaccharie Risacher | DEF: Kyle Kuzma, Jordan Poole, Bilal Coulibaly, Alexandre Sarr, Carlton Carrington"
WAS,False,22400103,2024-10-28,ATL,3,08:26,08:14,1654,1666,"OFF: Clint Capela, Trae Young, Jalen Johnson, Dyson Daniels, Zaccharie Risacher | DEF: Kyle Kuzma, Jordan Poole, Bilal Coulibaly, Alexandre Sarr, Carlton Carrington"
WAS,False,22400103,2024-10-28,ATL,3,09:01,08:34,1619,1646,"OFF: Clint Capela, Trae Young, Jalen Johnson, Dyson Daniels, Zaccharie Risacher | DEF: Kyle Kuzma, Jordan Poole, Bilal Coulibaly, Alexandre Sarr, Carlton Carrington"
WAS,False,22400103,2024-10-28,ATL,3,09:27,09:06,1593,1614,"OFF: Clint Capela, Trae Young, Jalen Johnson, Dyson Daniels, Zaccharie Risacher | DEF: Kyle Kuzma, Jordan Poole, Bilal Coulibaly, Alexandre Sarr, Carlton Carrington"
WAS,False,22400103,2024-10-28,ATL,3,09:50,09:41,1570,1579,"OFF: Clint Capela, Trae Young, Jalen Johnson, Dyson Daniels, Zaccharie Risacher | DEF: Kyle Kuzma, Jordan Poole, Bilal Coulibaly, Alexandre Sarr, Carlton Carrington"
WAS,False,22400103,2024-10-28,ATL,3,10:09,09:53,1551,1567,"OFF: Clint Capela, Trae Young, Jalen Johnson, Dyson Daniels, Zaccharie Risacher | DEF: Kyle Kuzma, Jordan Poole, Bilal Coulibaly, Alexandre Sarr, Carlton Carrington"
WAS,False,22400103,2024-10-28,ATL,3,10:33,10:27,1527,1533,"OFF: Clint Capela, Trae Young, Jalen Johnson, Dyson Daniels, Zaccharie Risacher | DEF: Kyle Kuzma, Jordan Poole, Bilal Coulibaly, Alexandre Sarr, Carlton Carrington"
WAS,False,22400103,2024-10-28,ATL,3,11:02,10:47,1498,1513,"OFF: Clint Capela, Trae Young, Jalen Johnson, Dyson Daniels, Zaccharie Risacher | DEF: Kyle Kuzma, Jordan Poole, Bilal Coulibaly, Alexandre Sarr, Carlton Carrington"
WAS,False,22400103,2024-10-28,ATL,3,11:21,11:10,1479,1490,"OFF: Clint Capela, Trae Young, Jalen Johnson, Dyson Daniels, Zaccharie Risacher | DEF: Kyle Kuzma, Jordan Poole, Bilal Coulibaly, Alexandre Sarr, Carlton Carrington"
WAS,False,22400103,2024-10-28,ATL,3,12:00,11:38,1440,1462,"OFF: Clint Capela, Trae Young, Jalen Johnson, Dyson Daniels, Zaccharie Risacher | DEF: Kyle Kuzma, Jordan Poole, Bilal Coulibaly, Alexandre Sarr, Carlton Carrington"
WAS,False,22400103,2024-10-28,ATL,2,00:19,00:17,1421,1423,"OFF: Clint Capela, Trae Young, Jalen Johnson, Dyson Daniels, Zaccharie Risacher | DEF: Jonas Valančiūnas, Kyle Kuzma, Jordan Poole, Bilal Coulibaly, Kyshawn George"
WAS,False,22400103,2024-10-28,ATL,2,00:50,00:30,1390,1410,"OFF: Clint Capela, Trae Young, Jalen Johnson, Dyson Daniels, Zaccharie Risacher | DEF: Jonas Valančiūnas, Kyle Kuzma, Jordan Poole, Bilal Coulibaly, Kyshawn George"
WAS,False,22400103,2024-10-28,ATL,2,01:30,01:08,1350,1372,"OFF: Clint Capela, Trae Young, Jalen Johnson, Dyson Daniels, Zaccharie Risacher | DEF: Jonas Valančiūnas, Kyle Kuzma, Jordan Poole, Bilal Coulibaly, Kyshawn George"
WAS,False,22400103,2024-10-28,ATL,2,01:53,01:40,1327,1340,"OFF: Clint Capela, Trae Young, Jalen Johnson, Dyson Daniels, Zaccharie Risacher | DEF: Jonas Valančiūnas, Kyle Kuzma, Jordan Poole, Bilal Coulibaly, Kyshawn George"
WAS,False,22400103,2024-10-28,ATL,2,02:30,02:14,1290,1306,"OFF: Clint Capela, Trae Young, Jalen Johnson, Dyson Daniels, Zaccharie Risacher | DEF: Jonas Valančiūnas, Kyle Kuzma, Jordan Poole, Bilal Coulibaly, Kyshawn George"
WAS,False,22400103,2024-10-28,ATL,2,02:59,02:50,1261,1270,"OFF: Clint Capela, Trae Young, Jalen Johnson, Dyson Daniels, Zaccharie Risacher | DEF: Jonas Valančiūnas, Kyle Kuzma, Jordan Poole, Corey Kispert, Bilal Coulibaly"
WAS,False,22400103,2024-10-28,ATL,2,03:23,03:11,1237,1249,"OFF: Clint Capela, Trae Young, Jalen Johnson, Dyson Daniels, David Roddy | DEF: Jonas Valančiūnas, Kyle Kuzma, Jordan Poole, Corey Kispert, Bilal Coulibaly"
WAS,False,22400103,2024-10-28,ATL,2,03:38,03:29,1222,1231,"OFF: Clint Capela, Trae Young, Jalen Johnson, Dyson Daniels, David Roddy | DEF: Jonas Valančiūnas, Kyle Kuzma, Jordan Poole, Corey Kispert, Bilal Coulibaly"
WAS,False,22400103,2024-10-28,ATL,2,04:12,03:55,1188,1205,"OFF: Clint Capela, Trae Young, Jalen Johnson, Dyson Daniels, David Roddy | DEF: Jonas Valančiūnas, Kyle Kuzma, Jordan Poole, Corey Kispert, Bilal Coulibaly"
WAS,False,22400103,2024-10-28,ATL,2,04:32,04:26,1168,1174,"OFF: Clint Capela, Trae Young, Jalen Johnson, Dyson Daniels, David Roddy | DEF: Jonas Valančiūnas, Kyle Kuzma, Jordan Poole, Corey Kispert, Bilal Coulibaly"
WAS,False,22400103,2024-10-28,ATL,2,05:04,04:49,1136,1151,"OFF: Clint Capela, Trae Young, Jalen Johnson, Dyson Daniels, David Roddy | DEF: Jonas Valančiūnas, Kyle Kuzma, Jordan Poole, Corey Kispert, Bilal Coulibaly"
WAS,False,22400103,2024-10-28,ATL,2,05:38,05:24,1102,1116,"OFF: Clint Capela, Trae Young, Dyson Daniels, David Roddy, Zaccharie Risacher | DEF: Jonas Valančiūnas, Kyle Kuzma, Jordan Poole, Corey Kispert, Bilal Coulibaly"
WAS,False,22400103,2024-10-28,ATL,2,06:17,06:06,1063,1074,"OFF: Larry Nance Jr., Trae Young, Garrison Mathews, David Roddy, Zaccharie Risacher | DEF: Kyle Kuzma, Jordan Poole, Corey Kispert, Bilal Coulibaly, Alexandre Sarr"
WAS,False,22400103,2024-10-28,ATL,2,06:43,06:27,1037,1053,"OFF: Larry Nance Jr., Trae Young, Garrison Mathews, David Roddy, Zaccharie Risacher | DEF: Kyle Kuzma, Jordan Poole, Corey Kispert, Bilal Coulibaly, Alexandre Sarr"
WAS,False,22400103,2024-10-28,ATL,2,07:17,06:52,1003,1028,"OFF: Larry Nance Jr., Trae Young, Garrison Mathews, David Roddy, Zaccharie Risacher | DEF: Kyle Kuzma, Jordan Poole, Corey Kispert, Bilal Coulibaly, Alexandre Sarr"
WAS,False,22400103,2024-10-28,ATL,2,07:52,07:40,968,980,"OFF: Larry Nance Jr., Trae Young, Garrison Mathews, David Roddy, Zaccharie Risacher | DEF: Kyle Kuzma, Jordan Poole, Corey Kispert, Alexandre Sarr, Kyshawn George"
WAS,False,22400103,2024-10-28,ATL,2,08:21,08:01,939,959,"OFF: Larry Nance Jr., Garrison Mathews, Vít Krejčí, David Roddy, Zaccharie Risacher | DEF: Kyle Kuzma, Corey Kispert, Alexandre Sarr, Carlton Carrington, Kyshawn George"
WAS,False,22400103,2024-10-28,ATL,2,08:38,08:36,922,924,"OFF: Larry Nance Jr., Garrison Mathews, Vít Krejčí, Jalen Johnson, Zaccharie Risacher | DEF: Kyle Kuzma, Corey Kispert, Alexandre Sarr, Carlton Carrington, Kyshawn George"
WAS,False,22400103,2024-10-28,ATL,2,09:21,08:51,879,909,"OFF: Larry Nance Jr., Garrison Mathews, Vít Krejčí, Jalen Johnson, Zaccharie Risacher | DEF: Kyle Kuzma, Corey Kispert, Alexandre Sarr, Carlton Carrington, Kyshawn George"
WAS,False,22400103,2024-10-28,ATL,2,09:58,09:47,842,853,"OFF: Larry Nance Jr., Garrison Mathews, Vít Krejčí, Jalen Johnson, Zaccharie Risacher | DEF: Kyle Kuzma, Corey Kispert, Alexandre Sarr, Carlton Carrington, Kyshawn George"
WAS,False,22400103,2024-10-28,ATL,2,10:28,10:10,812,830,"OFF: Larry Nance Jr., Garrison Mathews, Vít Krejčí, Jalen Johnson, Zaccharie Risacher | DEF: Kyle Kuzma, Corey Kispert, Alexandre Sarr, Carlton Carrington, Kyshawn George"
WAS,False,22400103,2024-10-28,ATL,2,10:46,10:38,794,802,"OFF: Larry Nance Jr., Garrison Mathews, Vít Krejčí, Jalen Johnson, Zaccharie Risacher | DEF: Kyle Kuzma, Corey Kispert, Alexandre Sarr, Carlton Carrington, Kyshawn George"
WAS,False,22400103,2024-10-28,ATL,2,11:24,11:05,756,775,"OFF: Larry Nance Jr., Garrison Mathews, Vít Krejčí, Jalen Johnson, Zaccharie Risacher | DEF: Kyle Kuzma, Corey Kispert, Alexandre Sarr, Carlton Carrington, Kyshawn George"
WAS,False,22400103,2024-10-28,ATL,2,11:44,11:35,736,745,"OFF: Larry Nance Jr., Garrison Mathews, Vít Krejčí, Jalen Johnson, Zaccharie Risacher | DEF: Kyle Kuzma, Corey Kispert, Alexandre Sarr, Carlton Carrington, Kyshawn George"
WAS,False,22400103,2024-10-28,ATL,2,12:00,11:51,720,729,"OFF: Larry Nance Jr., Garrison Mathews, Vít Krejčí, Jalen Johnson, Zaccharie Risacher | DEF: Kyle Kuzma, Corey Kispert, Alexandre Sarr, Carlton Carrington, Kyshawn George"
WAS,False,22400103,2024-10-28,ATL,1,00:16,00:01,704,719,"OFF: Larry Nance Jr., Trae Young, Garrison Mathews, Jalen Johnson, Zaccharie Risacher | DEF: Kyle Kuzma, Bilal Coulibaly, Alexandre Sarr, Carlton Carrington, Kyshawn George"
WAS,False,22400103,2024-10-28,ATL,1,00:43,00:29,677,691,"OFF: Larry Nance Jr., Garrison Mathews, Vít Krejčí, Jalen Johnson, Zaccharie Risacher | DEF: Kyle Kuzma, Marvin Bagley III, Corey Kispert, Carlton Carrington, Kyshawn George"
WAS,False,22400103,2024-10-28,ATL,1,01:01,00:49,659,671,"OFF: Larry Nance Jr., Garrison Mathews, Vít Krejčí, Jalen Johnson, Zaccharie Risacher | DEF: Kyle Kuzma, Marvin Bagley III, Corey Kispert, Carlton Carrington, Kyshawn George"
WAS,False,22400103,2024-10-28,ATL,1,01:24,01:21,636,639,"OFF: Larry Nance Jr., Garrison Mathews, Vít Krejčí, Jalen Johnson, Zaccharie Risacher | DEF: Kyle Kuzma, Marvin Bagley III, Corey Kispert, Carlton Carrington, Kyshawn George"
WAS,False,22400103,2024-10-28,ATL,1,01:42,01:32,618,628,"OFF: Larry Nance Jr., Garrison Mathews, Vít Krejčí, Jalen Johnson, Zaccharie Risacher | DEF: Kyle Kuzma, Marvin Bagley III, Corey Kispert, Carlton Carrington, Kyshawn George"
WAS,False,22400103,2024-10-28,ATL,1,02:15,02:01,585,599,"OFF: Larry Nance Jr., Garrison Mathews, Vít Krejčí, Jalen Johnson, Zaccharie Risacher | DEF: Marvin Bagley III, Corey Kispert, Bilal Coulibaly, Carlton Carrington, Kyshawn George"
WAS,False,22400103,2024-10-28,ATL,1,02:40,02:31,560,569,"OFF: Larry Nance Jr., Trae Young, Vít Krejčí, Jalen Johnson, Dyson Daniels | DEF: Marvin Bagley III, Corey Kispert, Bilal Coulibaly, Carlton Carrington, Kyshawn George"
WAS,False,22400103,2024-10-28,ATL,1,03:03,02:55,537,545,"OFF: Larry Nance Jr., Trae Young, Vít Krejčí, Jalen Johnson, Dyson Daniels | DEF: Marvin Bagley III, Corey Kispert, Bilal Coulibaly, Carlton Carrington, Kyshawn George"
WAS,False,22400103,2024-10-28,ATL,1,03:30,03:19,510,521,"OFF: Larry Nance Jr., Trae Young, Vít Krejčí, Jalen Johnson, Dyson Daniels | DEF: Marvin Bagley III, Corey Kispert, Bilal Coulibaly, Carlton Carrington, Kyshawn George"
WAS,False,22400103,2024-10-28,ATL,1,03:52,03:32,488,508,"OFF: Larry Nance Jr., Trae Young, Vít Krejčí, Jalen Johnson, Dyson Daniels | DEF: Marvin Bagley III, Corey Kispert, Bilal Coulibaly, Carlton Carrington, Kyshawn George"
WAS,False,22400103,2024-10-28,ATL,1,04:23,04:14,457,466,"OFF: Larry Nance Jr., Trae Young, Vít Krejčí, Dyson Daniels, David Roddy | DEF: Jonas Valančiūnas, Kyle Kuzma, Jordan Poole, Corey Kispert, Bilal Coulibaly"
WAS,False,22400103,2024-10-28,ATL,1,04:58,04:41,422,439,"OFF: Larry Nance Jr., Trae Young, Vít Krejčí, Dyson Daniels, David Roddy | DEF: Jonas Valančiūnas, Kyle Kuzma, Jordan Poole, Corey Kispert, Bilal Coulibaly"
WAS,False,22400103,2024-10-28,ATL,1,05:26,05:10,394,410,"OFF: Larry Nance Jr., Trae Young, Vít Krejčí, Dyson Daniels, David Roddy | DEF: Jonas Valančiūnas, Kyle Kuzma, Jordan Poole, Corey Kispert, Bilal Coulibaly"
WAS,False,22400103,2024-10-28,ATL,1,05:55,05:40,365,380,"OFF: Larry Nance Jr., Trae Young, Vít Krejčí, Dyson Daniels, David Roddy | DEF: Jonas Valančiūnas, Kyle Kuzma, Jordan Poole, Corey Kispert, Bilal Coulibaly"
WAS,False,22400103,2024-10-28,ATL,1,06:22,06:11,338,349,"OFF: Clint Capela, Trae Young, Dyson Daniels, David Roddy, Zaccharie Risacher | DEF: Jonas Valančiūnas, Kyle Kuzma, Jordan Poole, Corey Kispert, Bilal Coulibaly"
WAS,False,22400103,2024-10-28,ATL,1,06:41,06:26,319,334,"OFF: Clint Capela, Trae Young, Dyson Daniels, David Roddy, Zaccharie Risacher | DEF: Jonas Valančiūnas, Kyle Kuzma, Jordan Poole, Corey Kispert, Bilal Coulibaly"
WAS,False,22400103,2024-10-28,ATL,1,07:14,07:02,286,298,"OFF: Clint Capela, Trae Young, Jalen Johnson, Dyson Daniels, Zaccharie Risacher | DEF: Jonas Valančiūnas, Kyle Kuzma, Jordan Poole, Corey Kispert, Bilal Coulibaly"
WAS,False,22400103,2024-10-28,ATL,1,07:34,07:30,266,270,"OFF: Clint Capela, Trae Young, Jalen Johnson, Dyson Daniels, Zaccharie Risacher | DEF: Jonas Valančiūnas, Kyle Kuzma, Jordan Poole, Bilal Coulibaly, Alexandre Sarr"
WAS,False,22400103,2024-10-28,ATL,1,08:04,07:47,236,253,"OFF: Clint Capela, Trae Young, Jalen Johnson, Dyson Daniels, Zaccharie Risacher | DEF: Jonas Valančiūnas, Kyle Kuzma, Jordan Poole, Bilal Coulibaly, Alexandre Sarr"
WAS,False,22400103,2024-10-28,ATL,1,08:25,08:20,215,220,"OFF: Clint Capela, Trae Young, Jalen Johnson, Dyson Daniels, Zaccharie Risacher | DEF: Jonas Valančiūnas, Kyle Kuzma, Jordan Poole, Bilal Coulibaly, Alexandre Sarr"
WAS,False,22400103,2024-10-28,ATL,1,08:45,08:43,195,197,"OFF: Clint Capela, Trae Young, Jalen Johnson, Dyson Daniels, Zaccharie Risacher | DEF: Jonas Valančiūnas, Kyle Kuzma, Jordan Poole, Bilal Coulibaly, Alexandre Sarr"
WAS,False,22400103,2024-10-28,ATL,1,09:11,09:01,169,179,"OFF: Clint Capela, Trae Young, Jalen Johnson, Dyson Daniels, Zaccharie Risacher | DEF: Jonas Valančiūnas, Kyle Kuzma, Jordan Poole, Bilal Coulibaly, Alexandre Sarr"
WAS,False,22400103,2024-10-28,ATL,1,09:47,09:38,133,142,"OFF: Clint Capela, Trae Young, Jalen Johnson, Dyson Daniels, Zaccharie Risacher | DEF: Jonas Valančiūnas, Kyle Kuzma, Jordan Poole, Bilal Coulibaly, Alexandre Sarr"
WAS,False,22400103,2024-10-28,ATL,1,10:11,10:06,109,114,"OFF: Clint Capela, Trae Young, Jalen Johnson, Dyson Daniels, Zaccharie Risacher | DEF: Jonas Valančiūnas, Kyle Kuzma, Jordan Poole, Bilal Coulibaly, Alexandre Sarr"
WAS,False,22400103,2024-10-28,ATL,1,10:33,10:27,87,93,"OFF: Clint Capela, Trae Young, Jalen Johnson, Dyson Daniels, Zaccharie Risacher | DEF: Jonas Valančiūnas, Kyle Kuzma, Jordan Poole, Bilal Coulibaly, Alexandre Sarr"
WAS,False,22400103,2024-10-28,ATL,1,11:07,11:01,53,59,"OFF: Clint Capela, Trae Young, Jalen Johnson, Dyson Daniels, Zaccharie Risacher | DEF: Jonas Valančiūnas, Kyle Kuzma, Jordan Poole, Bilal Coulibaly, Alexandre Sarr"
WAS,False,22400103,2024-10-28,ATL,1,11:48,11:27,12,33,"OFF: Clint Capela, Trae Young, Jalen Johnson, Dyson Daniels, Zaccharie Risacher | DEF: Jonas Valančiūnas, Kyle Kuzma, Jordan Poole, Bilal Coulibaly, Alexandre Sarr"
